data_97	0.7931574823713763	GCF_000006845-GCF_000008805	Neisseria	Neisseria_gonorrhoeae_FA_1090,Neisseria_meningitidis_MC58	['Bacteria', 'Proteobacteria', 'Betaproteobacteria', 'Neisseriales', 'Neisseriaceae', 'Neisseria', 'Neisseria_gonorrhoeae_FA_1090'],['Bacteria', 'Proteobacteria', 'Betaproteobacteria', 'Neisseriales', 'Neisseriaceae', 'Neisseria', 'Neisseria_meningitidis_MC58']
data_97	0.6066134549600912	GCF_000007025-GCF_000160735	spottedfevergroup	Rickettsia_conorii_str._Malish_7,Rickettsia_endosymbiont_of_Ixodes_scapularis	['Bacteria', 'Proteobacteria', 'Alphaproteobacteria', 'Rickettsiales', 'Rickettsiaceae', 'Rickettsieae', 'Rickettsia', 'spottedfevergroup', 'Rickettsia_conorii_str._Malish_7'],['Bacteria', 'Proteobacteria', 'Alphaproteobacteria', 'Rickettsiales', 'Rickettsiaceae', 'Rickettsieae', 'Rickettsia', 'spottedfevergroup', 'Rickettsia_endosymbiont_of_Ixodes_scapularis']
data_97	0.7201808931599774	GCF_000007385-GCF_000376745	Xanthomonas	Xanthomonas_oryzae_pv._oryzae_KACC_10331,Xanthomonas_fragariae_LMG_25863	['Bacteria', 'Proteobacteria', 'Gammaproteobacteria', 'Xanthomonadales', 'Xanthomonadaceae', 'Xanthomonas', 'Xanthomonas_oryzae_pv._oryzae_KACC_10331'],['Bacteria', 'Proteobacteria', 'Gammaproteobacteria', 'Xanthomonadales', 'Xanthomonadaceae', 'Xanthomonas', 'Xanthomonas_fragariae_LMG_25863']
data_97	0.7500259524551023	GCF_000007565-GCF_000800255	Pseudomonas	Pseudomonas_putida_KT2440,Pseudomonas_parafulva	['Bacteria', 'Proteobacteria', 'Gammaproteobacteria', 'Pseudomonadales', 'Pseudomonadaceae', 'Pseudomonas', 'Pseudomonas_putida_KT2440'],['Bacteria', 'Proteobacteria', 'Gammaproteobacteria', 'Pseudomonadales', 'Pseudomonadaceae', 'Pseudomonas', 'Pseudomonas_parafulva']
data_97	0.703422418765622	GCF_000007805-GCF_000759445	Pseudomonas	Pseudomonas_syringae_pv._tomato_str._DC3000,Pseudomonas_lutea	['Bacteria', 'Proteobacteria', 'Gammaproteobacteria', 'Pseudomonadales', 'Pseudomonadaceae', 'Pseudomonas', 'Pseudomonas_syringae_pv._tomato_str._DC3000'],['Bacteria', 'Proteobacteria', 'Gammaproteobacteria', 'Pseudomonadales', 'Pseudomonadaceae', 'Pseudomonas', 'Pseudomonas_lutea']
data_97	0.9614225437010248	GCF_000008045-GCF_000195735	typhusgroup	Rickettsia_typhi_str._Wilmington,Rickettsia_prowazekii_str._Madrid_E	['Bacteria', 'Proteobacteria', 'Alphaproteobacteria', 'Rickettsiales', 'Rickettsiaceae', 'Rickettsieae', 'Rickettsia', 'typhusgroup', 'Rickettsia_typhi_str._Wilmington'],['Bacteria', 'Proteobacteria', 'Alphaproteobacteria', 'Rickettsiales', 'Rickettsiaceae', 'Rickettsieae', 'Rickettsia', 'typhusgroup', 'Rickettsia_prowazekii_str._Madrid_E']
data_97	0.8224874371859296	GCF_000009045-GCF_000196735	Bacillus	Bacillus_subtilis_subsp._subtilis_str._168,Bacillus_amyloliquefaciens_DSM_7	['Bacteria', 'Firmicutes', 'Bacilli', 'Bacillales', 'Bacillaceae', 'Bacillus', 'Bacillus_subtilis_subsp._subtilis_str._168'],['Bacteria', 'Firmicutes', 'Bacilli', 'Bacillales', 'Bacillaceae', 'Bacillus', 'Bacillus_amyloliquefaciens_DSM_7']
data_97	0.7386437168370649	GCF_000009765-GCF_000424945	Streptomyces	Streptomyces_avermitilis_MA-4680_=_NBRC_14893,Streptomyces_sp._142MFCol3.1	['Bacteria', 'Actinobacteria', 'Streptomycetales', 'Streptomycetaceae', 'Streptomyces', 'Streptomyces_avermitilis_MA-4680_=_NBRC_14893'],['Bacteria', 'Actinobacteria', 'Streptomycetales', 'Streptomycetaceae', 'Streptomyces', 'Streptomyces_sp._142MFCol3.1']
data_97	0.6910836762688615	GCF_000009765-GCF_000716165	Streptomyces	Streptomyces_avermitilis_MA-4680_=_NBRC_14893,Streptomyces_peruviensis	['Bacteria', 'Actinobacteria', 'Streptomycetales', 'Streptomycetaceae', 'Streptomyces', 'Streptomyces_avermitilis_MA-4680_=_NBRC_14893'],['Bacteria', 'Actinobacteria', 'Streptomycetales', 'Streptomycetaceae', 'Streptomyces', 'Streptomyces_peruviensis']
data_97	0.7653116531165312	GCF_000010425-GCF_000024445	Bifidobacterium	Bifidobacterium_adolescentis_ATCC_15703,Bifidobacterium_dentium_Bd1	['Bacteria', 'Actinobacteria', 'Bifidobacteriales', 'Bifidobacteriaceae', 'Bifidobacterium', 'Bifidobacterium_adolescentis_ATCC_15703'],['Bacteria', 'Actinobacteria', 'Bifidobacteriales', 'Bifidobacteriaceae', 'Bifidobacterium', 'Bifidobacterium_dentium_Bd1']
data_97	0.7526222746022393	GCF_000011365-GCF_000473125	Bradyrhizobium	Bradyrhizobium_diazoefficiens_USDA_110,Bradyrhizobium_genosp._SA-4_str._CB756	['Bacteria', 'Proteobacteria', 'Alphaproteobacteria', 'Rhizobiales', 'Bradyrhizobiaceae', 'Bradyrhizobium', 'Bradyrhizobium_diazoefficiens_USDA_110'],['Bacteria', 'Proteobacteria', 'Alphaproteobacteria', 'Rhizobiales', 'Bradyrhizobiaceae', 'Bradyrhizobium', 'Bradyrhizobium_genosp._SA-4_str._CB756']
data_97	0.7859147025813692	GCF_000011825-GCF_000253335	Streptococcus	Streptococcus_thermophilus_LMG_18311,Streptococcus_salivarius_CCHSS3	['Bacteria', 'Firmicutes', 'Bacilli', 'Lactobacillales', 'Streptococcaceae', 'Streptococcus', 'Streptococcus_thermophilus_LMG_18311'],['Bacteria', 'Firmicutes', 'Bacilli', 'Lactobacillales', 'Streptococcaceae', 'Streptococcus', 'Streptococcus_salivarius_CCHSS3']
data_97	0.7613452188006483	GCF_000012245-GCF_000759445	Pseudomonassyringae	Pseudomonas_syringae_pv._syringae_B728a,Pseudomonas_lutea	['Bacteria', 'Proteobacteria', 'Gammaproteobacteria', 'Pseudomonadales', 'Pseudomonadaceae', 'Pseudomonas', 'Pseudomonassyringae', 'Pseudomonas_syringae_pv._syringae_B728a'],['Bacteria', 'Proteobacteria', 'Gammaproteobacteria', 'Pseudomonadales', 'Pseudomonadaceae', 'Pseudomonas', 'Pseudomonas_lutea']
data_97	0.7468539906912601	GCF_000012265-GCF_000251185	Pseudomonas	Pseudomonas_protegens_Pf-5,Pseudomonas_fuscovaginae_UPB0736	['Bacteria', 'Proteobacteria', 'Gammaproteobacteria', 'Pseudomonadales', 'Pseudomonadaceae', 'Pseudomonas', 'Pseudomonas_protegens_Pf-5'],['Bacteria', 'Proteobacteria', 'Gammaproteobacteria', 'Pseudomonadales', 'Pseudomonadaceae', 'Pseudomonas', 'Pseudomonas_fuscovaginae_UPB0736']
data_97	0.8660899406591835	GCF_000012685-GCF_000219105	Myxococcus	Myxococcus_xanthus_DK_1622,Myxococcus_fulvus_HW-1	['Bacteria', 'Proteobacteria', 'Deltaproteobacteria', 'Myxococcales', 'Cystobacterineae', 'Myxococcaceae', 'Myxococcus', 'Myxococcus_xanthus_DK_1622'],['Bacteria', 'Proteobacteria', 'Deltaproteobacteria', 'Myxococcales', 'Cystobacterineae', 'Myxococcaceae', 'Myxococcus', 'Myxococcus_fulvus_HW-1']
data_97	0.8301914365044571	GCF_000013945-GCF_000306675	Leptospira	Leptospira_borgpetersenii_serovar_Hardjo-bovis_str._L550,Leptospira_mayottensis_200901116	['Bacteria', 'Spirochaetes', 'Leptospirales', 'Leptospiraceae', 'Leptospira', 'Leptospira_borgpetersenii_serovar_Hardjo-bovis_str._L550'],['Bacteria', 'Spirochaetes', 'Leptospirales', 'Leptospiraceae', 'Leptospira', 'Leptospira_mayottensis_200901116']
data_97	0.8233793343383973	GCF_000014225-GCF_000315055	Pseudoalteromonas,Paraglaciecola	Pseudoalteromonas_atlantica_T6c,Paraglaciecola_polaris_LMG_21857	['Bacteria', 'Proteobacteria', 'Gammaproteobacteria', 'Alteromonadales', 'Pseudoalteromonadaceae', 'Pseudoalteromonas', 'Pseudoalteromonas_atlantica_T6c'],['Bacteria', 'Proteobacteria', 'Gammaproteobacteria', 'Alteromonadales', 'Alteromonadaceae', 'Paraglaciecola', 'Paraglaciecola_polaris_LMG_21857']
data_97	0.7531254112383209	GCF_000015365-GCF_000421165	Marinobacter	Marinobacter_hydrocarbonoclasticus_VT8,Marinobacter_daepoensis_DSM_16072	['Bacteria', 'Proteobacteria', 'Gammaproteobacteria', 'Alteromonadales', 'Alteromonadaceae', 'Marinobacter', 'Marinobacter_hydrocarbonoclasticus_VT8'],['Bacteria', 'Proteobacteria', 'Gammaproteobacteria', 'Alteromonadales', 'Alteromonadaceae', 'Marinobacter', 'Marinobacter_daepoensis_DSM_16072']
data_97	0.8172962441822708	GCF_000016425-GCF_000018265	Salinispora	Salinispora_tropica_CNB-440,Salinispora_arenicola_CNS-205	['Bacteria', 'Actinobacteria', 'Micromonosporales', 'Micromonosporaceae', 'Salinispora', 'Salinispora_tropica_CNB-440'],['Bacteria', 'Actinobacteria', 'Micromonosporales', 'Micromonosporaceae', 'Salinispora', 'Salinispora_arenicola_CNS-205']
data_97	0.7500778412039439	GCF_000017705-GCF_000196095	Vibrio	Vibrio_campbellii_ATCC_BAA-1116,Vibrio_parahaemolyticus_RIMD_2210633	['Bacteria', 'Proteobacteria', 'Gammaproteobacteria', 'Vibrionales', 'Vibrionaceae', 'Vibrio', 'Vibrio_campbellii_ATCC_BAA-1116'],['Bacteria', 'Proteobacteria', 'Gammaproteobacteria', 'Vibrionales', 'Vibrionaceae', 'Vibrio', 'Vibrio_parahaemolyticus_RIMD_2210633']
data_97	0.6598407281001137	GCF_000018085-GCF_000496755	Serratia	Serratia_proteamaculans_568,Serratia_sp._DD3	['Bacteria', 'Proteobacteria', 'Gammaproteobacteria', 'Enterobacteriales', 'Enterobacteriaceae', 'Serratia', 'Serratia_proteamaculans_568'],['Bacteria', 'Proteobacteria', 'Gammaproteobacteria', 'Enterobacteriales', 'Enterobacteriaceae', 'Serratia', 'Serratia_sp._DD3']
data_97	0.8213949104618284	GCF_000018205-GCF_000284155	spottedfevergroup	Rickettsia_akari_str._Hartford,Rickettsia_australis_str._Cutlack	['Bacteria', 'Proteobacteria', 'Alphaproteobacteria', 'Rickettsiales', 'Rickettsiaceae', 'Rickettsieae', 'Rickettsia', 'spottedfevergroup', 'Rickettsia_akari_str._Hartford'],['Bacteria', 'Proteobacteria', 'Alphaproteobacteria', 'Rickettsiales', 'Rickettsiaceae', 'Rickettsieae', 'Rickettsia', 'spottedfevergroup', 'Rickettsia_australis_str._Cutlack']
data_97	0.775946275946276	GCF_000019285-GCF_000505725	Francisella	Francisella_philomiragia_subsp._philomiragia_ATCC_25017,Francisella_noatunensis_subsp._orientalis_LADL--07-285A	['Bacteria', 'Proteobacteria', 'Gammaproteobacteria', 'Thiotrichales', 'Francisellaceae', 'Francisella', 'Francisella_philomiragia_subsp._philomiragia_ATCC_25017'],['Bacteria', 'Proteobacteria', 'Gammaproteobacteria', 'Thiotrichales', 'Francisellaceae', 'Francisella', 'Francisella_noatunensis_subsp._orientalis_LADL--07-285A']
data_97	0.7829046898638427	GCF_000019725-GCF_001262595	Methylobacterium	Methylobacterium_radiotolerans_JCM_2831,Methylobacterium_sp._ARG-1	['Bacteria', 'Proteobacteria', 'Alphaproteobacteria', 'Rhizobiales', 'Methylobacteriaceae', 'Methylobacterium', 'Methylobacterium_radiotolerans_JCM_2831'],['Bacteria', 'Proteobacteria', 'Alphaproteobacteria', 'Rhizobiales', 'Methylobacteriaceae', 'Methylobacterium', 'Methylobacterium_sp._ARG-1']
data_97	0.8247043363994744	GCF_000022725-GCF_000196435	Bartonella	Bartonella_grahamii_as4aup,Bartonella_tribocorum_CIP_105476	['Bacteria', 'Proteobacteria', 'Alphaproteobacteria', 'Rhizobiales', 'Bartonellaceae', 'Bartonella', 'Bartonella_grahamii_as4aup'],['Bacteria', 'Proteobacteria', 'Alphaproteobacteria', 'Rhizobiales', 'Bartonellaceae', 'Bartonella', 'Bartonella_tribocorum_CIP_105476']
data_97	0.7896949444863641	GCF_000026105-GCF_000800255	Pseudomonas	Pseudomonas_entomophila_L48,Pseudomonas_parafulva	['Bacteria', 'Proteobacteria', 'Gammaproteobacteria', 'Pseudomonadales', 'Pseudomonadaceae', 'Pseudomonas', 'Pseudomonas_entomophila_L48'],['Bacteria', 'Proteobacteria', 'Gammaproteobacteria', 'Pseudomonadales', 'Pseudomonadaceae', 'Pseudomonas', 'Pseudomonas_parafulva']
data_97	0.7971787373129193	GCF_000058485-GCF_000262465	Frankia	Frankia_alni_ACN14a,Frankia_sp._QA3	['Bacteria', 'Actinobacteria', 'Frankiales', 'Frankiaceae', 'Frankia', 'Frankia_alni_ACN14a'],['Bacteria', 'Actinobacteria', 'Frankiales', 'Frankiaceae', 'Frankia', 'Frankia_sp._QA3']
data_97	0.8814389697648376	GCF_000092565-GCF_000244515	Leptospira	Leptospira_interrogans_serovar_Lai_str._56601,Leptospira_kirschneri_serovar_Valbuzzi_str._200702274	['Bacteria', 'Spirochaetes', 'Leptospirales', 'Leptospiraceae', 'Leptospira', 'Leptospira_interrogans_serovar_Lai_str._56601'],['Bacteria', 'Spirochaetes', 'Leptospirales', 'Leptospiraceae', 'Leptospira', 'Leptospira_kirschneri_serovar_Valbuzzi_str._200702274']
data_97	0.7545413260672116	GCF_000144405-GCF_000614285	Prevotella	Prevotella_melaninogenica_ATCC_25845,Prevotella_scopos_JCM_17725	['Bacteria', 'Bacteroidetes', 'Bacteroidia', 'Bacteroidales', 'Prevotellaceae', 'Prevotella', 'Prevotella_melaninogenica_ATCC_25845'],['Bacteria', 'Bacteroidetes', 'Bacteroidia', 'Bacteroidales', 'Prevotellaceae', 'Prevotella', 'Prevotella_scopos_JCM_17725']
data_97	0.7444426283099052	GCF_000145235-GCF_000876225	Micromonospora	Micromonospora_aurantiaca_ATCC_27029,Micromonospora_carbonacea	['Bacteria', 'Actinobacteria', 'Micromonosporales', 'Micromonosporaceae', 'Micromonospora', 'Micromonospora_aurantiaca_ATCC_27029'],['Bacteria', 'Actinobacteria', 'Micromonosporales', 'Micromonosporaceae', 'Micromonospora', 'Micromonospora_carbonacea']
data_97	0.7550778939065274	GCF_000153145-GCF_000477555	Actinobacteria,Leifsonia	marine_actinobacterium_PHSC20C1,Leifsonia_rubra_CMS_76R	['Bacteria', 'Actinobacteria', 'marine_actinobacterium_PHSC20C1'],['Bacteria', 'Actinobacteria', 'Micrococcales', 'Microbacteriaceae', 'Leifsonia', 'Leifsonia_rubra_CMS_76R']
data_97	0.7424265259984928	GCF_000155575-GCF_000813765	Brevundimonas	Brevundimonas_sp._BAL3,Brevundimonas_nasdae	['Bacteria', 'Proteobacteria', 'Alphaproteobacteria', 'Caulobacterales', 'Caulobacteraceae', 'Brevundimonas', 'Brevundimonas_sp._BAL3'],['Bacteria', 'Proteobacteria', 'Alphaproteobacteria', 'Caulobacterales', 'Caulobacteraceae', 'Brevundimonas', 'Brevundimonas_nasdae']
data_97	0.8107662730019225	GCF_000160575-GCF_000715455	Weissella	Weissella_paramesenteroides_ATCC_33313,Weissella_hellenica	['Bacteria', 'Firmicutes', 'Bacilli', 'Lactobacillales', 'Leuconostocaceae', 'Weissella', 'Weissella_paramesenteroides_ATCC_33313'],['Bacteria', 'Firmicutes', 'Bacilli', 'Lactobacillales', 'Leuconostocaceae', 'Weissella', 'Weissella_hellenica']
data_97	0.6208661417322835	GCF_000160735-GCF_000283595	spottedfevergroup	Rickettsia_endosymbiont_of_Ixodes_scapularis,Rickettsia_japonica_YH	['Bacteria', 'Proteobacteria', 'Alphaproteobacteria', 'Rickettsiales', 'Rickettsiaceae', 'Rickettsieae', 'Rickettsia', 'spottedfevergroup', 'Rickettsia_endosymbiont_of_Ixodes_scapularis'],['Bacteria', 'Proteobacteria', 'Alphaproteobacteria', 'Rickettsiales', 'Rickettsiaceae', 'Rickettsieae', 'Rickettsia', 'spottedfevergroup', 'Rickettsia_japonica_YH']
data_97	0.6341948310139165	GCF_000160735-GCF_000284075	spottedfevergroup	Rickettsia_endosymbiont_of_Ixodes_scapularis,Rickettsia_rhipicephali_str._3-7-female6-CWPP	['Bacteria', 'Proteobacteria', 'Alphaproteobacteria', 'Rickettsiales', 'Rickettsiaceae', 'Rickettsieae', 'Rickettsia', 'spottedfevergroup', 'Rickettsia_endosymbiont_of_Ixodes_scapularis'],['Bacteria', 'Proteobacteria', 'Alphaproteobacteria', 'Rickettsiales', 'Rickettsiaceae', 'Rickettsieae', 'Rickettsia', 'spottedfevergroup', 'Rickettsia_rhipicephali_str._3-7-female6-CWPP']
data_97	0.6305379746835443	GCF_000160735-GCF_000284175	spottedfevergroup	Rickettsia_endosymbiont_of_Ixodes_scapularis,Rickettsia_montanensis_str._OSU_85-930	['Bacteria', 'Proteobacteria', 'Alphaproteobacteria', 'Rickettsiales', 'Rickettsiaceae', 'Rickettsieae', 'Rickettsia', 'spottedfevergroup', 'Rickettsia_endosymbiont_of_Ixodes_scapularis'],['Bacteria', 'Proteobacteria', 'Alphaproteobacteria', 'Rickettsiales', 'Rickettsiaceae', 'Rickettsieae', 'Rickettsia', 'spottedfevergroup', 'Rickettsia_montanensis_str._OSU_85-930']
data_97	0.6392801251956182	GCF_000160735-GCF_000485845	spottedfevergroup	Rickettsia_endosymbiont_of_Ixodes_scapularis,Candidatus_Rickettsia_gravesii_BWI-1	['Bacteria', 'Proteobacteria', 'Alphaproteobacteria', 'Rickettsiales', 'Rickettsiaceae', 'Rickettsieae', 'Rickettsia', 'spottedfevergroup', 'Rickettsia_endosymbiont_of_Ixodes_scapularis'],['Bacteria', 'Proteobacteria', 'Alphaproteobacteria', 'Rickettsiales', 'Rickettsiaceae', 'Rickettsieae', 'Rickettsia', 'spottedfevergroup', 'Candidatus_Rickettsia_gravesii_BWI-1']
data_97	0.6413255360623782	GCF_000160735-GCF_001273795	spottedfevergroup	Rickettsia_endosymbiont_of_Ixodes_scapularis,Candidatus_Rickettsia_amblyommii	['Bacteria', 'Proteobacteria', 'Alphaproteobacteria', 'Rickettsiales', 'Rickettsiaceae', 'Rickettsieae', 'Rickettsia', 'spottedfevergroup', 'Rickettsia_endosymbiont_of_Ixodes_scapularis'],['Bacteria', 'Proteobacteria', 'Alphaproteobacteria', 'Rickettsiales', 'Rickettsiaceae', 'Rickettsieae', 'Rickettsia', 'spottedfevergroup', 'Candidatus_Rickettsia_amblyommii']
data_97	0.6637336504161713	GCF_000163875-GCF_000377525	Streptomyces	Streptomyces_clavuligerus_ATCC_27064,Streptomyces_sp._CNT302	['Bacteria', 'Actinobacteria', 'Streptomycetales', 'Streptomycetaceae', 'Streptomyces', 'Streptomyces_clavuligerus_ATCC_27064'],['Bacteria', 'Actinobacteria', 'Streptomycetales', 'Streptomycetaceae', 'Streptomyces', 'Streptomyces_sp._CNT302']
data_97	0.6565549587714653	GCF_000163875-GCF_000716335	Streptomyces	Streptomyces_clavuligerus_ATCC_27064,Streptomyces_sp._NRRL_S-118	['Bacteria', 'Actinobacteria', 'Streptomycetales', 'Streptomycetaceae', 'Streptomyces', 'Streptomyces_clavuligerus_ATCC_27064'],['Bacteria', 'Actinobacteria', 'Streptomycetales', 'Streptomycetaceae', 'Streptomyces', 'Streptomyces_sp._NRRL_S-118']
data_97	0.8357351825766606	GCF_000164155-GCF_000738775	Rhodococcus	Rhodococcus_equi_ATCC_33707,Rhodococcus_defluvii	['Bacteria', 'Actinobacteria', 'Corynebacteriales', 'Nocardiaceae', 'Rhodococcus', 'Rhodococcus_equi_ATCC_33707'],['Bacteria', 'Actinobacteria', 'Corynebacteriales', 'Nocardiaceae', 'Rhodococcus', 'Rhodococcus_defluvii']
data_97	0.7960672375515382	GCF_000173915-GCF_000185645	Gemella	Gemella_haemolysans_ATCC_10379,Gemella_morbillorum_M424	['Bacteria', 'Firmicutes', 'Bacilli', 'Bacillales', 'BacillalesFamilyXIIncertaeSedis', 'Gemella', 'Gemella_haemolysans_ATCC_10379'],['Bacteria', 'Firmicutes', 'Bacilli', 'Bacillales', 'BacillalesFamilyXIIncertaeSedis', 'Gemella', 'Gemella_morbillorum_M424']
data_97	0.8176935229067931	GCF_000173915-GCF_000204335	Gemella	Gemella_haemolysans_ATCC_10379,Gemella_sanguinis_M325	['Bacteria', 'Firmicutes', 'Bacilli', 'Bacillales', 'BacillalesFamilyXIIncertaeSedis', 'Gemella', 'Gemella_haemolysans_ATCC_10379'],['Bacteria', 'Firmicutes', 'Bacilli', 'Bacillales', 'BacillalesFamilyXIIncertaeSedis', 'Gemella', 'Gemella_sanguinis_M325']
data_97	0.7465996814115917	GCF_000176795-GCF_000211495	Photobacterium	Photobacterium_damselae_subsp._damselae_CIP_102761,Photobacterium_leiognathi_subsp._mandapamensis_svers.1.1.	['Bacteria', 'Proteobacteria', 'Gammaproteobacteria', 'Vibrionales', 'Vibrionaceae', 'Photobacterium', 'Photobacterium_damselae_subsp._damselae_CIP_102761'],['Bacteria', 'Proteobacteria', 'Gammaproteobacteria', 'Vibrionales', 'Vibrionaceae', 'Photobacterium', 'Photobacterium_leiognathi_subsp._mandapamensis_svers.1.1.']
data_97	0.6734377422856257	GCF_000180175-GCF_000759475	Enterobacteriaceae,Pantoea	Plautia_stali_symbiont,Pantoea_rwandensis	['Bacteria', 'Proteobacteria', 'Gammaproteobacteria', 'Enterobacteriales', 'Enterobacteriaceae', 'Plautia_stali_symbiont'],['Bacteria', 'Proteobacteria', 'Gammaproteobacteria', 'Enterobacteriales', 'Enterobacteriaceae', 'Pantoea', 'Pantoea_rwandensis']
data_97	0.7521374225429446	GCF_000185905-GCF_000233995	Mesorhizobium	Mesorhizobium_ciceri_biovar_biserrulae_WSM1271,Mesorhizobium_amorphae_CCNWGS0123	['Bacteria', 'Proteobacteria', 'Alphaproteobacteria', 'Rhizobiales', 'Phyllobacteriaceae', 'Mesorhizobium', 'Mesorhizobium_ciceri_biovar_biserrulae_WSM1271'],['Bacteria', 'Proteobacteria', 'Alphaproteobacteria', 'Rhizobiales', 'Phyllobacteriaceae', 'Mesorhizobium', 'Mesorhizobium_amorphae_CCNWGS0123']
data_97	0.7273262661955241	GCF_000187585-GCF_000463355	Streptococcus	Streptococcus_peroris_ATCC_700780,Streptococcus_intermedius_B196	['Bacteria', 'Firmicutes', 'Bacilli', 'Lactobacillales', 'Streptococcaceae', 'Streptococcus', 'Streptococcus_peroris_ATCC_700780'],['Bacteria', 'Firmicutes', 'Bacilli', 'Lactobacillales', 'Streptococcaceae', 'Streptococcus', 'Streptococcusanginosusgroup', 'Streptococcus_intermedius_B196']
data_97	0.7053471015233617	GCF_000193415-GCF_000509425	Paenibacillus	Paenibacillus_vortex_V453,Paenibacillus_sp._JCM_10914	['Bacteria', 'Firmicutes', 'Bacilli', 'Bacillales', 'Paenibacillaceae', 'Paenibacillus', 'Paenibacillus_vortex_V453'],['Bacteria', 'Firmicutes', 'Bacilli', 'Bacillales', 'Paenibacillaceae', 'Paenibacillus', 'Paenibacillus_sp._JCM_10914']
data_97	0.5608539273697645	GCF_000196095-GCF_000755385	Vibrio	Vibrio_parahaemolyticus_RIMD_2210633,Vibrio_maritimus	['Bacteria', 'Proteobacteria', 'Gammaproteobacteria', 'Vibrionales', 'Vibrionaceae', 'Vibrio', 'Vibrio_parahaemolyticus_RIMD_2210633'],['Bacteria', 'Proteobacteria', 'Gammaproteobacteria', 'Vibrionales', 'Vibrionaceae', 'Vibrio', 'Vibrio_maritimus']
data_97	0.8271770763375867	GCF_000196835-GCF_000716785	Amycolatopsis	Amycolatopsis_mediterranei_U32,Amycolatopsis_vancoresmycina	['Bacteria', 'Actinobacteria', 'Pseudonocardiales', 'Pseudonocardiaceae', 'Amycolatopsis', 'Amycolatopsis_mediterranei_U32'],['Bacteria', 'Actinobacteria', 'Pseudonocardiales', 'Pseudonocardiaceae', 'Amycolatopsis', 'Amycolatopsis_vancoresmycina']
data_97	0.7602238484718037	GCF_000215745-GCF_000735365	Enterobacter,Kluyvera	Enterobacter_aerogenes_KCTC_2190,Kluyvera_ascorbata_ATCC_33433	['Bacteria', 'Proteobacteria', 'Gammaproteobacteria', 'Enterobacteriales', 'Enterobacteriaceae', 'Enterobacter', 'Enterobacter_aerogenes_KCTC_2190'],['Bacteria', 'Proteobacteria', 'Gammaproteobacteria', 'Enterobacteriales', 'Enterobacteriaceae', 'Kluyvera', 'Kluyvera_ascorbata_ATCC_33433']
data_97	0.7620517186336064	GCF_000215745-GCF_000735515	Enterobacter,Leclercia	Enterobacter_aerogenes_KCTC_2190,Leclercia_adecarboxylata_ATCC_23216_=_NBRC_102595	['Bacteria', 'Proteobacteria', 'Gammaproteobacteria', 'Enterobacteriales', 'Enterobacteriaceae', 'Enterobacter', 'Enterobacter_aerogenes_KCTC_2190'],['Bacteria', 'Proteobacteria', 'Gammaproteobacteria', 'Enterobacteriales', 'Enterobacteriaceae', 'Leclercia', 'Leclercia_adecarboxylata_ATCC_23216_=_NBRC_102595']
data_97	0.7365899263760664	GCF_000222585-GCF_000473545	Vibrio	Vibrio_scophthalmi_LMG_19158,Vibrio_cyclitrophicus_FF75	['Bacteria', 'Proteobacteria', 'Gammaproteobacteria', 'Vibrionales', 'Vibrionaceae', 'Vibrio', 'Vibrio_scophthalmi_LMG_19158'],['Bacteria', 'Proteobacteria', 'Gammaproteobacteria', 'Vibrionales', 'Vibrionaceae', 'Vibrio', 'Vibrio_cyclitrophicus_FF75']
data_97	0.8751222237742702	GCF_000244515-GCF_000306255	Leptospira	Leptospira_kirschneri_serovar_Valbuzzi_str._200702274,Leptospira_noguchii_serovar_Panama_str._CZ214	['Bacteria', 'Spirochaetes', 'Leptospirales', 'Leptospiraceae', 'Leptospira', 'Leptospira_kirschneri_serovar_Valbuzzi_str._200702274'],['Bacteria', 'Spirochaetes', 'Leptospirales', 'Leptospiraceae', 'Leptospira', 'Leptospira_noguchii_serovar_Panama_str._CZ214']
data_97	0.8567493112947658	GCF_000259345-GCF_000500045	Borrelia	Borrelia_crocidurae_str._Achema,Borrelia_persica_No12	['Bacteria', 'Spirochaetes', 'Spirochaetales', 'Borreliaceae', 'Borrelia', 'Borrelia_crocidurae_str._Achema'],['Bacteria', 'Spirochaetes', 'Spirochaetales', 'Borreliaceae', 'Borrelia', 'Borrelia_persica_No12']
data_97	0.737220447284345	GCF_000264415-GCF_000342445	Planococcus	Planococcus_antarcticus_DSM_14505,Planococcus_halocryophilus_Or1	['Bacteria', 'Firmicutes', 'Bacilli', 'Bacillales', 'Planococcaceae', 'Planococcus', 'Planococcus_antarcticus_DSM_14505'],['Bacteria', 'Firmicutes', 'Bacilli', 'Bacillales', 'Planococcaceae', 'Planococcus', 'Planococcus_halocryophilus_Or1']
data_97	0.7180874396841643	GCF_000269985-GCF_000696185	Kitasatospora	Kitasatospora_setae_KM-6054,Kitasatospora_cheerisanensis_KCTC_2395	['Bacteria', 'Actinobacteria', 'Streptomycetales', 'Streptomycetaceae', 'Kitasatospora', 'Kitasatospora_setae_KM-6054'],['Bacteria', 'Actinobacteria', 'Streptomycetales', 'Streptomycetaceae', 'Kitasatospora', 'Kitasatospora_cheerisanensis_KCTC_2395']
data_97	0.7920874256467008	GCF_000304315-GCF_000372845	Methylocystis	Methylocystis_sp._SC2,Methylocystis_rosea_SV97	['Bacteria', 'Proteobacteria', 'Alphaproteobacteria', 'Rhizobiales', 'Methylocystaceae', 'Methylocystis', 'Methylocystis_sp._SC2'],['Bacteria', 'Proteobacteria', 'Alphaproteobacteria', 'Rhizobiales', 'Methylocystaceae', 'Methylocystis', 'Methylocystis_rosea_SV97']
data_97	0.8292543294690139	GCF_000306765-GCF_000337815	Haloferax	Haloferax_mediterranei_ATCC_33500,Haloferax_mucosum_ATCC_BAA-1512	['Archaea', 'Euryarchaeota', 'Halobacteria', 'Haloferacales', 'Haloferacaceae', 'Haloferax', 'Haloferax_mediterranei_ATCC_33500'],['Archaea', 'Euryarchaeota', 'Halobacteria', 'Haloferacales', 'Haloferacaceae', 'Haloferax', 'Haloferax_mucosum_ATCC_BAA-1512']
data_97	0.6834942932396839	GCF_000317975-GCF_000744375	Carnobacterium	Carnobacterium_maltaromaticum_LMA28,Carnobacterium_gallinarum_DSM_4847	['Bacteria', 'Firmicutes', 'Bacilli', 'Lactobacillales', 'Carnobacteriaceae', 'Carnobacterium', 'Carnobacterium_maltaromaticum_LMA28'],['Bacteria', 'Firmicutes', 'Bacilli', 'Lactobacillales', 'Carnobacteriaceae', 'Carnobacterium', 'Carnobacterium_gallinarum_DSM_4847']
data_97	0.8576187971243205	GCF_000337075-GCF_000337395	Halorubrum	Halorubrum_hochstenium_ATCC_700873,Halorubrum_litoreum_JCM_13561	['Archaea', 'Euryarchaeota', 'Halobacteria', 'Haloferacales', 'Haloferacaceae', 'Halorubrum', 'Halorubrum_hochstenium_ATCC_700873'],['Archaea', 'Euryarchaeota', 'Halobacteria', 'Haloferacales', 'Haloferacaceae', 'Halorubrum', 'Halorubrum_litoreum_JCM_13561']
data_97	0.7853231106243155	GCF_000337915-GCF_000739595	Halorubrum	Halorubrum_saccharovorum_DSM_1137,Halorubrum_halophilum	['Archaea', 'Euryarchaeota', 'Halobacteria', 'Haloferacales', 'Haloferacaceae', 'Halorubrum', 'Halorubrum_saccharovorum_DSM_1137'],['Archaea', 'Euryarchaeota', 'Halobacteria', 'Haloferacales', 'Haloferacaceae', 'Halorubrum', 'Halorubrum_halophilum']
data_97	0.8081845739306164	GCF_000368625-GCF_000369105	Acinetobacter	Acinetobacter_schindleri_CIP_107287,Acinetobacter_lwoffii_NCTC_5866_=_CIP_64.10_=_NIPH_512	['Bacteria', 'Proteobacteria', 'Gammaproteobacteria', 'Pseudomonadales', 'Moraxellaceae', 'Acinetobacter', 'Acinetobacter_schindleri_CIP_107287'],['Bacteria', 'Proteobacteria', 'Gammaproteobacteria', 'Pseudomonadales', 'Moraxellaceae', 'Acinetobacter', 'Acinetobacter_lwoffii_NCTC_5866_=_CIP_64.10_=_NIPH_512']
data_97	0.8060474440360842	GCF_000368765-GCF_000369065	Acinetobacter	Acinetobacter_junii_CIP_64.5,Acinetobacter_haemolyticus_CIP_64.3	['Bacteria', 'Proteobacteria', 'Gammaproteobacteria', 'Pseudomonadales', 'Moraxellaceae', 'Acinetobacter', 'Acinetobacter_junii_CIP_64.5'],['Bacteria', 'Proteobacteria', 'Gammaproteobacteria', 'Pseudomonadales', 'Moraxellaceae', 'Acinetobacter', 'Acinetobacter_haemolyticus_CIP_64.3']
data_97	0.7184689877795711	GCF_000376985-GCF_000423765	Streptococcus	Streptococcus_henryi_DSM_19005,Streptococcus_porci_DSM_23759	['Bacteria', 'Firmicutes', 'Bacilli', 'Lactobacillales', 'Streptococcaceae', 'Streptococcus', 'Streptococcus_henryi_DSM_19005'],['Bacteria', 'Firmicutes', 'Bacilli', 'Lactobacillales', 'Streptococcaceae', 'Streptococcus', 'Streptococcus_porci_DSM_23759']
data_97	0.861424758776432	GCF_000377345-GCF_000381825	Thioalkalivibrio	Thioalkalivibrio_sp._ALJ16,Thioalkalivibrio_sp._ALJT	['Bacteria', 'Proteobacteria', 'Gammaproteobacteria', 'Chromatiales', 'Ectothiorhodospiraceae', 'Thioalkalivibrio', 'Thioalkalivibrio_sp._ALJ16'],['Bacteria', 'Proteobacteria', 'Gammaproteobacteria', 'Chromatiales', 'Ectothiorhodospiraceae', 'Thioalkalivibrio', 'Thioalkalivibrio_sp._ALJT']
data_97	0.7179944687304844	GCF_000377525-GCF_000478605	Streptomyces	Streptomyces_sp._CNT302,Streptomyces_thermolilacinus_SPC6	['Bacteria', 'Actinobacteria', 'Streptomycetales', 'Streptomycetaceae', 'Streptomyces', 'Streptomyces_sp._CNT302'],['Bacteria', 'Actinobacteria', 'Streptomycetales', 'Streptomycetaceae', 'Streptomyces', 'Streptomyces_thermolilacinus_SPC6']
data_97	0.7229468599033816	GCF_000377525-GCF_000716335	Streptomyces	Streptomyces_sp._CNT302,Streptomyces_sp._NRRL_S-118	['Bacteria', 'Actinobacteria', 'Streptomycetales', 'Streptomycetaceae', 'Streptomyces', 'Streptomyces_sp._CNT302'],['Bacteria', 'Actinobacteria', 'Streptomycetales', 'Streptomycetaceae', 'Streptomyces', 'Streptomyces_sp._NRRL_S-118']
data_97	0.7352800095934764	GCF_000426265-GCF_000472925	Bradyrhizobium	Bradyrhizobium_sp._Cp5.3,Bradyrhizobium_sp._Ec3.3	['Bacteria', 'Proteobacteria', 'Alphaproteobacteria', 'Rhizobiales', 'Bradyrhizobiaceae', 'Bradyrhizobium', 'Bradyrhizobium_sp._Cp5.3'],['Bacteria', 'Proteobacteria', 'Alphaproteobacteria', 'Rhizobiales', 'Bradyrhizobiaceae', 'Bradyrhizobium', 'Bradyrhizobium_sp._Ec3.3']
data_97	0.8400820901412898	GCF_000455325-GCF_000612885	Mycobacterium	Mycobacterium_septicum_DSM_44393,Mycobacterium_vulneris	['Bacteria', 'Actinobacteria', 'Corynebacteriales', 'Mycobacteriaceae', 'Mycobacterium', 'Mycobacterium_septicum_DSM_44393'],['Bacteria', 'Actinobacteria', 'Corynebacteriales', 'Mycobacteriaceae', 'Mycobacterium', 'Mycobacteriumaviumcomplex(MAC)', 'Mycobacterium_vulneris']
data_97	0.7393549479387116	GCF_000478605-GCF_000716335	Streptomyces	Streptomyces_thermolilacinus_SPC6,Streptomyces_sp._NRRL_S-118	['Bacteria', 'Actinobacteria', 'Streptomycetales', 'Streptomycetaceae', 'Streptomyces', 'Streptomyces_thermolilacinus_SPC6'],['Bacteria', 'Actinobacteria', 'Streptomycetales', 'Streptomycetaceae', 'Streptomyces', 'Streptomyces_sp._NRRL_S-118']
data_97	0.6836202109938923	GCF_000496755-GCF_001006005	Serratia	Serratia_sp._DD3,Serratia_fonticola	['Bacteria', 'Proteobacteria', 'Gammaproteobacteria', 'Enterobacteriales', 'Enterobacteriaceae', 'Serratia', 'Serratia_sp._DD3'],['Bacteria', 'Proteobacteria', 'Gammaproteobacteria', 'Enterobacteriales', 'Enterobacteriaceae', 'Serratia', 'Serratia_fonticola']
data_97	0.8417190775681341	GCF_000500045-GCF_000500065	Borrelia	Borrelia_persica_No12,Borrelia_hispanica_CRI	['Bacteria', 'Spirochaetes', 'Spirochaetales', 'Borreliaceae', 'Borrelia', 'Borrelia_persica_No12'],['Bacteria', 'Spirochaetes', 'Spirochaetales', 'Borreliaceae', 'Borrelia', 'Borrelia_hispanica_CRI']
data_97	0.7410668047643708	GCF_000525955-GCF_000525995	Listeria	Listeria_weihenstephanensis_FSL_R9-0317,Listeria_riparia_FSL_S10-1204	['Bacteria', 'Firmicutes', 'Bacilli', 'Bacillales', 'Listeriaceae', 'Listeria', 'Listeria_weihenstephanensis_FSL_R9-0317'],['Bacteria', 'Firmicutes', 'Bacilli', 'Bacillales', 'Listeriaceae', 'Listeria', 'Listeria_riparia_FSL_S10-1204']
data_97	0.7992116579073101	GCF_000576555-GCF_000737515	Hymenobacter	Hymenobacter_swuensis_DY53,Hymenobacter_sp._APR13	['Bacteria', 'Bacteroidetes', 'Cytophagia', 'Cytophagales', 'Cytophagaceae', 'Hymenobacter', 'Hymenobacter_swuensis_DY53'],['Bacteria', 'Bacteroidetes', 'Cytophagia', 'Cytophagales', 'Cytophagaceae', 'Hymenobacter', 'Hymenobacter_sp._APR13']
data_97	0.740218336392619	GCF_000632025-GCF_000723165	Janthinobacterium	Janthinobacterium_lividum,Janthinobacterium_agaricidamnosum_NBRC_102515_=_DSM_9628	['Bacteria', 'Proteobacteria', 'Betaproteobacteria', 'Burkholderiales', 'Oxalobacteraceae', 'Janthinobacterium', 'Janthinobacterium_lividum'],['Bacteria', 'Proteobacteria', 'Betaproteobacteria', 'Burkholderiales', 'Oxalobacteraceae', 'Janthinobacterium', 'Janthinobacterium_agaricidamnosum_NBRC_102515_=_DSM_9628']
data_97	0.8023630504833512	GCF_000632805-GCF_000725385	Dyella	Dyella_jiangningensis,Dyella_japonica_A8	['Bacteria', 'Proteobacteria', 'Gammaproteobacteria', 'Xanthomonadales', 'Xanthomonadaceae', 'Dyella', 'Dyella_jiangningensis'],['Bacteria', 'Proteobacteria', 'Gammaproteobacteria', 'Xanthomonadales', 'Xanthomonadaceae', 'Dyella', 'Dyella_japonica_A8']
data_97	0.7298988926336062	GCF_000695235-GCF_001270575	Streptomyces	Streptomyces_albulus,Streptomyces_decoyicus	['Bacteria', 'Actinobacteria', 'Streptomycetales', 'Streptomycetaceae', 'Streptomyces', 'Streptomyces_albulus'],['Bacteria', 'Actinobacteria', 'Streptomycetales', 'Streptomycetaceae', 'Streptomyces', 'Streptomyces_decoyicus']
data_97	0.7642244119516847	GCF_000709915-GCF_000761215	Streptomyces	Streptomyces_griseorubens,Streptomyces_glaucescens	['Bacteria', 'Actinobacteria', 'Streptomycetales', 'Streptomycetaceae', 'Streptomyces', 'Streptomyces_griseorubens'],['Bacteria', 'Actinobacteria', 'Streptomycetales', 'Streptomycetaceae', 'Streptomyces', 'Streptomyces_glaucescens']
data_97	0.7436780999840958	GCF_000718165-GCF_000720765	Streptomyces	Streptomyces_fulvoviolaceus,Streptomyces_sp._NRRL_S-646	['Bacteria', 'Actinobacteria', 'Streptomycetales', 'Streptomycetaceae', 'Streptomyces', 'Streptomyces_fulvoviolaceus'],['Bacteria', 'Actinobacteria', 'Streptomycetales', 'Streptomycetaceae', 'Streptomyces', 'Streptomyces_sp._NRRL_S-646']
data_97	0.7191195795006571	GCF_000718165-GCF_000721105	Streptomyces	Streptomyces_fulvoviolaceus,Streptomyces_cellulosae	['Bacteria', 'Actinobacteria', 'Streptomycetales', 'Streptomycetaceae', 'Streptomyces', 'Streptomyces_fulvoviolaceus'],['Bacteria', 'Actinobacteria', 'Streptomycetales', 'Streptomycetaceae', 'Streptomyces', 'Streptomyces_cellulosae']
data_97	0.7627610208816705	GCF_000719115-GCF_000719205	Lentzea,Lechevalieria	Lentzea_albidocapillata,Lechevalieria_aerocolonigenes	['Bacteria', 'Actinobacteria', 'Pseudonocardiales', 'Pseudonocardiaceae', 'Lentzea', 'Lentzea_albidocapillata'],['Bacteria', 'Actinobacteria', 'Pseudonocardiales', 'Pseudonocardiaceae', 'Lechevalieria', 'Lechevalieria_aerocolonigenes']
data_97	0.742784	GCF_000720325-GCF_000720475	Streptomyces	Streptomyces_sp._NRRL_B-1347,Streptomyces_aureocirculatus	['Bacteria', 'Actinobacteria', 'Streptomycetales', 'Streptomycetaceae', 'Streptomyces', 'Streptomyces_sp._NRRL_B-1347'],['Bacteria', 'Actinobacteria', 'Streptomycetales', 'Streptomycetaceae', 'Streptomyces', 'Streptomyces_aureocirculatus']
data_97	0.7763471925637483	GCF_000720325-GCF_000725575	Streptomyces	Streptomyces_sp._NRRL_B-1347,Streptomyces_ruber	['Bacteria', 'Actinobacteria', 'Streptomycetales', 'Streptomycetaceae', 'Streptomyces', 'Streptomyces_sp._NRRL_B-1347'],['Bacteria', 'Actinobacteria', 'Streptomycetales', 'Streptomycetaceae', 'Streptomyces', 'Streptomyces_ruber']
data_97	0.7664475868020979	GCF_000720475-GCF_000725575	Streptomyces	Streptomyces_aureocirculatus,Streptomyces_ruber	['Bacteria', 'Actinobacteria', 'Streptomycetales', 'Streptomycetaceae', 'Streptomyces', 'Streptomyces_aureocirculatus'],['Bacteria', 'Actinobacteria', 'Streptomycetales', 'Streptomycetaceae', 'Streptomyces', 'Streptomyces_ruber']
data_97	0.7271784829810517	GCF_000720765-GCF_000721105	Streptomyces	Streptomyces_sp._NRRL_S-646,Streptomyces_cellulosae	['Bacteria', 'Actinobacteria', 'Streptomycetales', 'Streptomycetaceae', 'Streptomyces', 'Streptomyces_sp._NRRL_S-646'],['Bacteria', 'Actinobacteria', 'Streptomycetales', 'Streptomycetaceae', 'Streptomyces', 'Streptomyces_cellulosae']
data_97	0.7778905809362662	GCF_000735365-GCF_000735515	Kluyvera,Leclercia	Kluyvera_ascorbata_ATCC_33433,Leclercia_adecarboxylata_ATCC_23216_=_NBRC_102595	['Bacteria', 'Proteobacteria', 'Gammaproteobacteria', 'Enterobacteriales', 'Enterobacteriaceae', 'Kluyvera', 'Kluyvera_ascorbata_ATCC_33433'],['Bacteria', 'Proteobacteria', 'Gammaproteobacteria', 'Enterobacteriales', 'Enterobacteriaceae', 'Leclercia', 'Leclercia_adecarboxylata_ATCC_23216_=_NBRC_102595']
data_97	0.7961418143899895	GCF_000738005-GCF_000741705	Bifidobacterium	Bifidobacterium_crudilactis,Bifidobacterium_psychraerophilum	['Bacteria', 'Actinobacteria', 'Bifidobacteriales', 'Bifidobacteriaceae', 'Bifidobacterium', 'Bifidobacterium_crudilactis'],['Bacteria', 'Actinobacteria', 'Bifidobacteriales', 'Bifidobacteriaceae', 'Bifidobacterium', 'Bifidobacterium_psychraerophilum']
data_97	0.6853123429911238	GCF_000744255-GCF_000744375	Carnobacterium	Carnobacterium_divergens_DSM_20623,Carnobacterium_gallinarum_DSM_4847	['Bacteria', 'Firmicutes', 'Bacilli', 'Lactobacillales', 'Carnobacteriaceae', 'Carnobacterium', 'Carnobacterium_divergens_DSM_20623'],['Bacteria', 'Firmicutes', 'Bacilli', 'Lactobacillales', 'Carnobacteriaceae', 'Carnobacterium', 'Carnobacterium_gallinarum_DSM_4847']
data_97	0.7669749426922773	GCF_000758665-GCF_000758705	Paenibacillus	Paenibacillus_borealis,Paenibacillus_graminis	['Bacteria', 'Firmicutes', 'Bacilli', 'Bacillales', 'Paenibacillaceae', 'Paenibacillus', 'Paenibacillus_borealis'],['Bacteria', 'Firmicutes', 'Bacilli', 'Bacillales', 'Paenibacillaceae', 'Paenibacillus', 'Paenibacillus_graminis']
data_97	0.7193396226415094	GCF_000007045-GCF_000017005	Streptococcus	Streptococcus_pneumoniae_R6,Streptococcus_gordonii_str._Challis_substr._CH1	['Bacteria', 'Firmicutes', 'Bacilli', 'Lactobacillales', 'Streptococcaceae', 'Streptococcus', 'Streptococcus_pneumoniae_R6'],['Bacteria', 'Firmicutes', 'Bacilli', 'Lactobacillales', 'Streptococcaceae', 'Streptococcus', 'Streptococcus_gordonii_str._Challis_substr._CH1']
data_97	0.6796237832149434	GCF_000424945-GCF_000716165	Streptomyces	Streptomyces_sp._142MFCol3.1,Streptomyces_peruviensis	['Bacteria', 'Actinobacteria', 'Streptomycetales', 'Streptomycetaceae', 'Streptomyces', 'Streptomyces_sp._142MFCol3.1'],['Bacteria', 'Actinobacteria', 'Streptomycetales', 'Streptomycetaceae', 'Streptomyces', 'Streptomyces_peruviensis']
data_97	0.6915127528583993	GCF_000287615-GCF_000376645	Haemophilus,Mannheimia	Haemophilus_sputorum_HK_2154,Mannheimia_haemolytica_M42548	['Bacteria', 'Proteobacteria', 'Gammaproteobacteria', 'Pasteurellales', 'Pasteurellaceae', 'Haemophilus', 'Haemophilus_sputorum_HK_2154'],['Bacteria', 'Proteobacteria', 'Gammaproteobacteria', 'Pasteurellales', 'Pasteurellaceae', 'Mannheimia', 'Mannheimia_haemolytica_M42548']
data_97	0.7073288331726133	GCF_000719285-GCF_001013905	Streptomyces	Streptomyces_bicolor,Streptomyces_leeuwenhoekii	['Bacteria', 'Actinobacteria', 'Streptomycetales', 'Streptomycetaceae', 'Streptomyces', 'Streptomyces_bicolor'],['Bacteria', 'Actinobacteria', 'Streptomycetales', 'Streptomycetaceae', 'Streptomyces', 'Streptomyces_leeuwenhoekii']
data_97	0.7931574823713763	GCF_000006845-GCF_000008805	Neisseria	Neisseria_gonorrhoeae_FA_1090,Neisseria_meningitidis_MC58	['Bacteria', 'Proteobacteria', 'Betaproteobacteria', 'Neisseriales', 'Neisseriaceae', 'Neisseria', 'Neisseria_gonorrhoeae_FA_1090'],['Bacteria', 'Proteobacteria', 'Betaproteobacteria', 'Neisseriales', 'Neisseriaceae', 'Neisseria', 'Neisseria_meningitidis_MC58']
data_97	0.6066134549600912	GCF_000007025-GCF_000160735	spottedfevergroup	Rickettsia_conorii_str._Malish_7,Rickettsia_endosymbiont_of_Ixodes_scapularis	['Bacteria', 'Proteobacteria', 'Alphaproteobacteria', 'Rickettsiales', 'Rickettsiaceae', 'Rickettsieae', 'Rickettsia', 'spottedfevergroup', 'Rickettsia_conorii_str._Malish_7'],['Bacteria', 'Proteobacteria', 'Alphaproteobacteria', 'Rickettsiales', 'Rickettsiaceae', 'Rickettsieae', 'Rickettsia', 'spottedfevergroup', 'Rickettsia_endosymbiont_of_Ixodes_scapularis']
data_97	0.7201808931599774	GCF_000007385-GCF_000376745	Xanthomonas	Xanthomonas_oryzae_pv._oryzae_KACC_10331,Xanthomonas_fragariae_LMG_25863	['Bacteria', 'Proteobacteria', 'Gammaproteobacteria', 'Xanthomonadales', 'Xanthomonadaceae', 'Xanthomonas', 'Xanthomonas_oryzae_pv._oryzae_KACC_10331'],['Bacteria', 'Proteobacteria', 'Gammaproteobacteria', 'Xanthomonadales', 'Xanthomonadaceae', 'Xanthomonas', 'Xanthomonas_fragariae_LMG_25863']
data_97	0.7500259524551023	GCF_000007565-GCF_000800255	Pseudomonas	Pseudomonas_putida_KT2440,Pseudomonas_parafulva	['Bacteria', 'Proteobacteria', 'Gammaproteobacteria', 'Pseudomonadales', 'Pseudomonadaceae', 'Pseudomonas', 'Pseudomonas_putida_KT2440'],['Bacteria', 'Proteobacteria', 'Gammaproteobacteria', 'Pseudomonadales', 'Pseudomonadaceae', 'Pseudomonas', 'Pseudomonas_parafulva']
data_97	0.703422418765622	GCF_000007805-GCF_000759445	Pseudomonas	Pseudomonas_syringae_pv._tomato_str._DC3000,Pseudomonas_lutea	['Bacteria', 'Proteobacteria', 'Gammaproteobacteria', 'Pseudomonadales', 'Pseudomonadaceae', 'Pseudomonas', 'Pseudomonas_syringae_pv._tomato_str._DC3000'],['Bacteria', 'Proteobacteria', 'Gammaproteobacteria', 'Pseudomonadales', 'Pseudomonadaceae', 'Pseudomonas', 'Pseudomonas_lutea']
data_97	0.9614225437010248	GCF_000008045-GCF_000195735	typhusgroup	Rickettsia_typhi_str._Wilmington,Rickettsia_prowazekii_str._Madrid_E	['Bacteria', 'Proteobacteria', 'Alphaproteobacteria', 'Rickettsiales', 'Rickettsiaceae', 'Rickettsieae', 'Rickettsia', 'typhusgroup', 'Rickettsia_typhi_str._Wilmington'],['Bacteria', 'Proteobacteria', 'Alphaproteobacteria', 'Rickettsiales', 'Rickettsiaceae', 'Rickettsieae', 'Rickettsia', 'typhusgroup', 'Rickettsia_prowazekii_str._Madrid_E']
data_97	0.8224874371859296	GCF_000009045-GCF_000196735	Bacillus	Bacillus_subtilis_subsp._subtilis_str._168,Bacillus_amyloliquefaciens_DSM_7	['Bacteria', 'Firmicutes', 'Bacilli', 'Bacillales', 'Bacillaceae', 'Bacillus', 'Bacillus_subtilis_subsp._subtilis_str._168'],['Bacteria', 'Firmicutes', 'Bacilli', 'Bacillales', 'Bacillaceae', 'Bacillus', 'Bacillus_amyloliquefaciens_DSM_7']
data_97	0.7386437168370649	GCF_000009765-GCF_000424945	Streptomyces	Streptomyces_avermitilis_MA-4680_=_NBRC_14893,Streptomyces_sp._142MFCol3.1	['Bacteria', 'Actinobacteria', 'Streptomycetales', 'Streptomycetaceae', 'Streptomyces', 'Streptomyces_avermitilis_MA-4680_=_NBRC_14893'],['Bacteria', 'Actinobacteria', 'Streptomycetales', 'Streptomycetaceae', 'Streptomyces', 'Streptomyces_sp._142MFCol3.1']
data_97	0.6910836762688615	GCF_000009765-GCF_000716165	Streptomyces	Streptomyces_avermitilis_MA-4680_=_NBRC_14893,Streptomyces_peruviensis	['Bacteria', 'Actinobacteria', 'Streptomycetales', 'Streptomycetaceae', 'Streptomyces', 'Streptomyces_avermitilis_MA-4680_=_NBRC_14893'],['Bacteria', 'Actinobacteria', 'Streptomycetales', 'Streptomycetaceae', 'Streptomyces', 'Streptomyces_peruviensis']
data_97	0.7653116531165312	GCF_000010425-GCF_000024445	Bifidobacterium	Bifidobacterium_adolescentis_ATCC_15703,Bifidobacterium_dentium_Bd1	['Bacteria', 'Actinobacteria', 'Bifidobacteriales', 'Bifidobacteriaceae', 'Bifidobacterium', 'Bifidobacterium_adolescentis_ATCC_15703'],['Bacteria', 'Actinobacteria', 'Bifidobacteriales', 'Bifidobacteriaceae', 'Bifidobacterium', 'Bifidobacterium_dentium_Bd1']
data_97	0.7526222746022393	GCF_000011365-GCF_000473125	Bradyrhizobium	Bradyrhizobium_diazoefficiens_USDA_110,Bradyrhizobium_genosp._SA-4_str._CB756	['Bacteria', 'Proteobacteria', 'Alphaproteobacteria', 'Rhizobiales', 'Bradyrhizobiaceae', 'Bradyrhizobium', 'Bradyrhizobium_diazoefficiens_USDA_110'],['Bacteria', 'Proteobacteria', 'Alphaproteobacteria', 'Rhizobiales', 'Bradyrhizobiaceae', 'Bradyrhizobium', 'Bradyrhizobium_genosp._SA-4_str._CB756']
data_97	0.7859147025813692	GCF_000011825-GCF_000253335	Streptococcus	Streptococcus_thermophilus_LMG_18311,Streptococcus_salivarius_CCHSS3	['Bacteria', 'Firmicutes', 'Bacilli', 'Lactobacillales', 'Streptococcaceae', 'Streptococcus', 'Streptococcus_thermophilus_LMG_18311'],['Bacteria', 'Firmicutes', 'Bacilli', 'Lactobacillales', 'Streptococcaceae', 'Streptococcus', 'Streptococcus_salivarius_CCHSS3']
data_97	0.7613452188006483	GCF_000012245-GCF_000759445	Pseudomonassyringae	Pseudomonas_syringae_pv._syringae_B728a,Pseudomonas_lutea	['Bacteria', 'Proteobacteria', 'Gammaproteobacteria', 'Pseudomonadales', 'Pseudomonadaceae', 'Pseudomonas', 'Pseudomonassyringae', 'Pseudomonas_syringae_pv._syringae_B728a'],['Bacteria', 'Proteobacteria', 'Gammaproteobacteria', 'Pseudomonadales', 'Pseudomonadaceae', 'Pseudomonas', 'Pseudomonas_lutea']
data_97	0.7468539906912601	GCF_000012265-GCF_000251185	Pseudomonas	Pseudomonas_protegens_Pf-5,Pseudomonas_fuscovaginae_UPB0736	['Bacteria', 'Proteobacteria', 'Gammaproteobacteria', 'Pseudomonadales', 'Pseudomonadaceae', 'Pseudomonas', 'Pseudomonas_protegens_Pf-5'],['Bacteria', 'Proteobacteria', 'Gammaproteobacteria', 'Pseudomonadales', 'Pseudomonadaceae', 'Pseudomonas', 'Pseudomonas_fuscovaginae_UPB0736']
data_97	0.8660899406591835	GCF_000012685-GCF_000219105	Myxococcus	Myxococcus_xanthus_DK_1622,Myxococcus_fulvus_HW-1	['Bacteria', 'Proteobacteria', 'Deltaproteobacteria', 'Myxococcales', 'Cystobacterineae', 'Myxococcaceae', 'Myxococcus', 'Myxococcus_xanthus_DK_1622'],['Bacteria', 'Proteobacteria', 'Deltaproteobacteria', 'Myxococcales', 'Cystobacterineae', 'Myxococcaceae', 'Myxococcus', 'Myxococcus_fulvus_HW-1']
data_97	0.8301914365044571	GCF_000013945-GCF_000306675	Leptospira	Leptospira_borgpetersenii_serovar_Hardjo-bovis_str._L550,Leptospira_mayottensis_200901116	['Bacteria', 'Spirochaetes', 'Leptospirales', 'Leptospiraceae', 'Leptospira', 'Leptospira_borgpetersenii_serovar_Hardjo-bovis_str._L550'],['Bacteria', 'Spirochaetes', 'Leptospirales', 'Leptospiraceae', 'Leptospira', 'Leptospira_mayottensis_200901116']
data_97	0.8233793343383973	GCF_000014225-GCF_000315055	Pseudoalteromonas,Paraglaciecola	Pseudoalteromonas_atlantica_T6c,Paraglaciecola_polaris_LMG_21857	['Bacteria', 'Proteobacteria', 'Gammaproteobacteria', 'Alteromonadales', 'Pseudoalteromonadaceae', 'Pseudoalteromonas', 'Pseudoalteromonas_atlantica_T6c'],['Bacteria', 'Proteobacteria', 'Gammaproteobacteria', 'Alteromonadales', 'Alteromonadaceae', 'Paraglaciecola', 'Paraglaciecola_polaris_LMG_21857']
data_97	0.7531254112383209	GCF_000015365-GCF_000421165	Marinobacter	Marinobacter_hydrocarbonoclasticus_VT8,Marinobacter_daepoensis_DSM_16072	['Bacteria', 'Proteobacteria', 'Gammaproteobacteria', 'Alteromonadales', 'Alteromonadaceae', 'Marinobacter', 'Marinobacter_hydrocarbonoclasticus_VT8'],['Bacteria', 'Proteobacteria', 'Gammaproteobacteria', 'Alteromonadales', 'Alteromonadaceae', 'Marinobacter', 'Marinobacter_daepoensis_DSM_16072']
data_97	0.8172962441822708	GCF_000016425-GCF_000018265	Salinispora	Salinispora_tropica_CNB-440,Salinispora_arenicola_CNS-205	['Bacteria', 'Actinobacteria', 'Micromonosporales', 'Micromonosporaceae', 'Salinispora', 'Salinispora_tropica_CNB-440'],['Bacteria', 'Actinobacteria', 'Micromonosporales', 'Micromonosporaceae', 'Salinispora', 'Salinispora_arenicola_CNS-205']
data_97	0.7500778412039439	GCF_000017705-GCF_000196095	Vibrio	Vibrio_campbellii_ATCC_BAA-1116,Vibrio_parahaemolyticus_RIMD_2210633	['Bacteria', 'Proteobacteria', 'Gammaproteobacteria', 'Vibrionales', 'Vibrionaceae', 'Vibrio', 'Vibrio_campbellii_ATCC_BAA-1116'],['Bacteria', 'Proteobacteria', 'Gammaproteobacteria', 'Vibrionales', 'Vibrionaceae', 'Vibrio', 'Vibrio_parahaemolyticus_RIMD_2210633']
data_97	0.6598407281001137	GCF_000018085-GCF_000496755	Serratia	Serratia_proteamaculans_568,Serratia_sp._DD3	['Bacteria', 'Proteobacteria', 'Gammaproteobacteria', 'Enterobacteriales', 'Enterobacteriaceae', 'Serratia', 'Serratia_proteamaculans_568'],['Bacteria', 'Proteobacteria', 'Gammaproteobacteria', 'Enterobacteriales', 'Enterobacteriaceae', 'Serratia', 'Serratia_sp._DD3']
data_97	0.8213949104618284	GCF_000018205-GCF_000284155	spottedfevergroup	Rickettsia_akari_str._Hartford,Rickettsia_australis_str._Cutlack	['Bacteria', 'Proteobacteria', 'Alphaproteobacteria', 'Rickettsiales', 'Rickettsiaceae', 'Rickettsieae', 'Rickettsia', 'spottedfevergroup', 'Rickettsia_akari_str._Hartford'],['Bacteria', 'Proteobacteria', 'Alphaproteobacteria', 'Rickettsiales', 'Rickettsiaceae', 'Rickettsieae', 'Rickettsia', 'spottedfevergroup', 'Rickettsia_australis_str._Cutlack']
data_97	0.775946275946276	GCF_000019285-GCF_000505725	Francisella	Francisella_philomiragia_subsp._philomiragia_ATCC_25017,Francisella_noatunensis_subsp._orientalis_LADL--07-285A	['Bacteria', 'Proteobacteria', 'Gammaproteobacteria', 'Thiotrichales', 'Francisellaceae', 'Francisella', 'Francisella_philomiragia_subsp._philomiragia_ATCC_25017'],['Bacteria', 'Proteobacteria', 'Gammaproteobacteria', 'Thiotrichales', 'Francisellaceae', 'Francisella', 'Francisella_noatunensis_subsp._orientalis_LADL--07-285A']
data_97	0.7829046898638427	GCF_000019725-GCF_001262595	Methylobacterium	Methylobacterium_radiotolerans_JCM_2831,Methylobacterium_sp._ARG-1	['Bacteria', 'Proteobacteria', 'Alphaproteobacteria', 'Rhizobiales', 'Methylobacteriaceae', 'Methylobacterium', 'Methylobacterium_radiotolerans_JCM_2831'],['Bacteria', 'Proteobacteria', 'Alphaproteobacteria', 'Rhizobiales', 'Methylobacteriaceae', 'Methylobacterium', 'Methylobacterium_sp._ARG-1']
data_97	0.8247043363994744	GCF_000022725-GCF_000196435	Bartonella	Bartonella_grahamii_as4aup,Bartonella_tribocorum_CIP_105476	['Bacteria', 'Proteobacteria', 'Alphaproteobacteria', 'Rhizobiales', 'Bartonellaceae', 'Bartonella', 'Bartonella_grahamii_as4aup'],['Bacteria', 'Proteobacteria', 'Alphaproteobacteria', 'Rhizobiales', 'Bartonellaceae', 'Bartonella', 'Bartonella_tribocorum_CIP_105476']
data_97	0.7896949444863641	GCF_000026105-GCF_000800255	Pseudomonas	Pseudomonas_entomophila_L48,Pseudomonas_parafulva	['Bacteria', 'Proteobacteria', 'Gammaproteobacteria', 'Pseudomonadales', 'Pseudomonadaceae', 'Pseudomonas', 'Pseudomonas_entomophila_L48'],['Bacteria', 'Proteobacteria', 'Gammaproteobacteria', 'Pseudomonadales', 'Pseudomonadaceae', 'Pseudomonas', 'Pseudomonas_parafulva']
data_97	0.7971787373129193	GCF_000058485-GCF_000262465	Frankia	Frankia_alni_ACN14a,Frankia_sp._QA3	['Bacteria', 'Actinobacteria', 'Frankiales', 'Frankiaceae', 'Frankia', 'Frankia_alni_ACN14a'],['Bacteria', 'Actinobacteria', 'Frankiales', 'Frankiaceae', 'Frankia', 'Frankia_sp._QA3']
data_97	0.8814389697648376	GCF_000092565-GCF_000244515	Leptospira	Leptospira_interrogans_serovar_Lai_str._56601,Leptospira_kirschneri_serovar_Valbuzzi_str._200702274	['Bacteria', 'Spirochaetes', 'Leptospirales', 'Leptospiraceae', 'Leptospira', 'Leptospira_interrogans_serovar_Lai_str._56601'],['Bacteria', 'Spirochaetes', 'Leptospirales', 'Leptospiraceae', 'Leptospira', 'Leptospira_kirschneri_serovar_Valbuzzi_str._200702274']
data_97	0.7545413260672116	GCF_000144405-GCF_000614285	Prevotella	Prevotella_melaninogenica_ATCC_25845,Prevotella_scopos_JCM_17725	['Bacteria', 'Bacteroidetes', 'Bacteroidia', 'Bacteroidales', 'Prevotellaceae', 'Prevotella', 'Prevotella_melaninogenica_ATCC_25845'],['Bacteria', 'Bacteroidetes', 'Bacteroidia', 'Bacteroidales', 'Prevotellaceae', 'Prevotella', 'Prevotella_scopos_JCM_17725']
data_97	0.7444426283099052	GCF_000145235-GCF_000876225	Micromonospora	Micromonospora_aurantiaca_ATCC_27029,Micromonospora_carbonacea	['Bacteria', 'Actinobacteria', 'Micromonosporales', 'Micromonosporaceae', 'Micromonospora', 'Micromonospora_aurantiaca_ATCC_27029'],['Bacteria', 'Actinobacteria', 'Micromonosporales', 'Micromonosporaceae', 'Micromonospora', 'Micromonospora_carbonacea']
data_97	0.7550778939065274	GCF_000153145-GCF_000477555	Actinobacteria,Leifsonia	marine_actinobacterium_PHSC20C1,Leifsonia_rubra_CMS_76R	['Bacteria', 'Actinobacteria', 'marine_actinobacterium_PHSC20C1'],['Bacteria', 'Actinobacteria', 'Micrococcales', 'Microbacteriaceae', 'Leifsonia', 'Leifsonia_rubra_CMS_76R']
data_97	0.7424265259984928	GCF_000155575-GCF_000813765	Brevundimonas	Brevundimonas_sp._BAL3,Brevundimonas_nasdae	['Bacteria', 'Proteobacteria', 'Alphaproteobacteria', 'Caulobacterales', 'Caulobacteraceae', 'Brevundimonas', 'Brevundimonas_sp._BAL3'],['Bacteria', 'Proteobacteria', 'Alphaproteobacteria', 'Caulobacterales', 'Caulobacteraceae', 'Brevundimonas', 'Brevundimonas_nasdae']
data_97	0.8107662730019225	GCF_000160575-GCF_000715455	Weissella	Weissella_paramesenteroides_ATCC_33313,Weissella_hellenica	['Bacteria', 'Firmicutes', 'Bacilli', 'Lactobacillales', 'Leuconostocaceae', 'Weissella', 'Weissella_paramesenteroides_ATCC_33313'],['Bacteria', 'Firmicutes', 'Bacilli', 'Lactobacillales', 'Leuconostocaceae', 'Weissella', 'Weissella_hellenica']
data_97	0.6208661417322835	GCF_000160735-GCF_000283595	spottedfevergroup	Rickettsia_endosymbiont_of_Ixodes_scapularis,Rickettsia_japonica_YH	['Bacteria', 'Proteobacteria', 'Alphaproteobacteria', 'Rickettsiales', 'Rickettsiaceae', 'Rickettsieae', 'Rickettsia', 'spottedfevergroup', 'Rickettsia_endosymbiont_of_Ixodes_scapularis'],['Bacteria', 'Proteobacteria', 'Alphaproteobacteria', 'Rickettsiales', 'Rickettsiaceae', 'Rickettsieae', 'Rickettsia', 'spottedfevergroup', 'Rickettsia_japonica_YH']
data_97	0.6341948310139165	GCF_000160735-GCF_000284075	spottedfevergroup	Rickettsia_endosymbiont_of_Ixodes_scapularis,Rickettsia_rhipicephali_str._3-7-female6-CWPP	['Bacteria', 'Proteobacteria', 'Alphaproteobacteria', 'Rickettsiales', 'Rickettsiaceae', 'Rickettsieae', 'Rickettsia', 'spottedfevergroup', 'Rickettsia_endosymbiont_of_Ixodes_scapularis'],['Bacteria', 'Proteobacteria', 'Alphaproteobacteria', 'Rickettsiales', 'Rickettsiaceae', 'Rickettsieae', 'Rickettsia', 'spottedfevergroup', 'Rickettsia_rhipicephali_str._3-7-female6-CWPP']
data_97	0.6305379746835443	GCF_000160735-GCF_000284175	spottedfevergroup	Rickettsia_endosymbiont_of_Ixodes_scapularis,Rickettsia_montanensis_str._OSU_85-930	['Bacteria', 'Proteobacteria', 'Alphaproteobacteria', 'Rickettsiales', 'Rickettsiaceae', 'Rickettsieae', 'Rickettsia', 'spottedfevergroup', 'Rickettsia_endosymbiont_of_Ixodes_scapularis'],['Bacteria', 'Proteobacteria', 'Alphaproteobacteria', 'Rickettsiales', 'Rickettsiaceae', 'Rickettsieae', 'Rickettsia', 'spottedfevergroup', 'Rickettsia_montanensis_str._OSU_85-930']
data_97	0.6392801251956182	GCF_000160735-GCF_000485845	spottedfevergroup	Rickettsia_endosymbiont_of_Ixodes_scapularis,Candidatus_Rickettsia_gravesii_BWI-1	['Bacteria', 'Proteobacteria', 'Alphaproteobacteria', 'Rickettsiales', 'Rickettsiaceae', 'Rickettsieae', 'Rickettsia', 'spottedfevergroup', 'Rickettsia_endosymbiont_of_Ixodes_scapularis'],['Bacteria', 'Proteobacteria', 'Alphaproteobacteria', 'Rickettsiales', 'Rickettsiaceae', 'Rickettsieae', 'Rickettsia', 'spottedfevergroup', 'Candidatus_Rickettsia_gravesii_BWI-1']
data_97	0.6413255360623782	GCF_000160735-GCF_001273795	spottedfevergroup	Rickettsia_endosymbiont_of_Ixodes_scapularis,Candidatus_Rickettsia_amblyommii	['Bacteria', 'Proteobacteria', 'Alphaproteobacteria', 'Rickettsiales', 'Rickettsiaceae', 'Rickettsieae', 'Rickettsia', 'spottedfevergroup', 'Rickettsia_endosymbiont_of_Ixodes_scapularis'],['Bacteria', 'Proteobacteria', 'Alphaproteobacteria', 'Rickettsiales', 'Rickettsiaceae', 'Rickettsieae', 'Rickettsia', 'spottedfevergroup', 'Candidatus_Rickettsia_amblyommii']
data_97	0.6637336504161713	GCF_000163875-GCF_000377525	Streptomyces	Streptomyces_clavuligerus_ATCC_27064,Streptomyces_sp._CNT302	['Bacteria', 'Actinobacteria', 'Streptomycetales', 'Streptomycetaceae', 'Streptomyces', 'Streptomyces_clavuligerus_ATCC_27064'],['Bacteria', 'Actinobacteria', 'Streptomycetales', 'Streptomycetaceae', 'Streptomyces', 'Streptomyces_sp._CNT302']
data_97	0.6565549587714653	GCF_000163875-GCF_000716335	Streptomyces	Streptomyces_clavuligerus_ATCC_27064,Streptomyces_sp._NRRL_S-118	['Bacteria', 'Actinobacteria', 'Streptomycetales', 'Streptomycetaceae', 'Streptomyces', 'Streptomyces_clavuligerus_ATCC_27064'],['Bacteria', 'Actinobacteria', 'Streptomycetales', 'Streptomycetaceae', 'Streptomyces', 'Streptomyces_sp._NRRL_S-118']
data_97	0.8357351825766606	GCF_000164155-GCF_000738775	Rhodococcus	Rhodococcus_equi_ATCC_33707,Rhodococcus_defluvii	['Bacteria', 'Actinobacteria', 'Corynebacteriales', 'Nocardiaceae', 'Rhodococcus', 'Rhodococcus_equi_ATCC_33707'],['Bacteria', 'Actinobacteria', 'Corynebacteriales', 'Nocardiaceae', 'Rhodococcus', 'Rhodococcus_defluvii']
data_97	0.7960672375515382	GCF_000173915-GCF_000185645	Gemella	Gemella_haemolysans_ATCC_10379,Gemella_morbillorum_M424	['Bacteria', 'Firmicutes', 'Bacilli', 'Bacillales', 'BacillalesFamilyXIIncertaeSedis', 'Gemella', 'Gemella_haemolysans_ATCC_10379'],['Bacteria', 'Firmicutes', 'Bacilli', 'Bacillales', 'BacillalesFamilyXIIncertaeSedis', 'Gemella', 'Gemella_morbillorum_M424']
data_97	0.8176935229067931	GCF_000173915-GCF_000204335	Gemella	Gemella_haemolysans_ATCC_10379,Gemella_sanguinis_M325	['Bacteria', 'Firmicutes', 'Bacilli', 'Bacillales', 'BacillalesFamilyXIIncertaeSedis', 'Gemella', 'Gemella_haemolysans_ATCC_10379'],['Bacteria', 'Firmicutes', 'Bacilli', 'Bacillales', 'BacillalesFamilyXIIncertaeSedis', 'Gemella', 'Gemella_sanguinis_M325']
data_97	0.7465996814115917	GCF_000176795-GCF_000211495	Photobacterium	Photobacterium_damselae_subsp._damselae_CIP_102761,Photobacterium_leiognathi_subsp._mandapamensis_svers.1.1.	['Bacteria', 'Proteobacteria', 'Gammaproteobacteria', 'Vibrionales', 'Vibrionaceae', 'Photobacterium', 'Photobacterium_damselae_subsp._damselae_CIP_102761'],['Bacteria', 'Proteobacteria', 'Gammaproteobacteria', 'Vibrionales', 'Vibrionaceae', 'Photobacterium', 'Photobacterium_leiognathi_subsp._mandapamensis_svers.1.1.']
data_97	0.6734377422856257	GCF_000180175-GCF_000759475	Enterobacteriaceae,Pantoea	Plautia_stali_symbiont,Pantoea_rwandensis	['Bacteria', 'Proteobacteria', 'Gammaproteobacteria', 'Enterobacteriales', 'Enterobacteriaceae', 'Plautia_stali_symbiont'],['Bacteria', 'Proteobacteria', 'Gammaproteobacteria', 'Enterobacteriales', 'Enterobacteriaceae', 'Pantoea', 'Pantoea_rwandensis']
data_97	0.7521374225429446	GCF_000185905-GCF_000233995	Mesorhizobium	Mesorhizobium_ciceri_biovar_biserrulae_WSM1271,Mesorhizobium_amorphae_CCNWGS0123	['Bacteria', 'Proteobacteria', 'Alphaproteobacteria', 'Rhizobiales', 'Phyllobacteriaceae', 'Mesorhizobium', 'Mesorhizobium_ciceri_biovar_biserrulae_WSM1271'],['Bacteria', 'Proteobacteria', 'Alphaproteobacteria', 'Rhizobiales', 'Phyllobacteriaceae', 'Mesorhizobium', 'Mesorhizobium_amorphae_CCNWGS0123']
data_97	0.7273262661955241	GCF_000187585-GCF_000463355	Streptococcus	Streptococcus_peroris_ATCC_700780,Streptococcus_intermedius_B196	['Bacteria', 'Firmicutes', 'Bacilli', 'Lactobacillales', 'Streptococcaceae', 'Streptococcus', 'Streptococcus_peroris_ATCC_700780'],['Bacteria', 'Firmicutes', 'Bacilli', 'Lactobacillales', 'Streptococcaceae', 'Streptococcus', 'Streptococcusanginosusgroup', 'Streptococcus_intermedius_B196']
data_97	0.7053471015233617	GCF_000193415-GCF_000509425	Paenibacillus	Paenibacillus_vortex_V453,Paenibacillus_sp._JCM_10914	['Bacteria', 'Firmicutes', 'Bacilli', 'Bacillales', 'Paenibacillaceae', 'Paenibacillus', 'Paenibacillus_vortex_V453'],['Bacteria', 'Firmicutes', 'Bacilli', 'Bacillales', 'Paenibacillaceae', 'Paenibacillus', 'Paenibacillus_sp._JCM_10914']
data_97	0.5608539273697645	GCF_000196095-GCF_000755385	Vibrio	Vibrio_parahaemolyticus_RIMD_2210633,Vibrio_maritimus	['Bacteria', 'Proteobacteria', 'Gammaproteobacteria', 'Vibrionales', 'Vibrionaceae', 'Vibrio', 'Vibrio_parahaemolyticus_RIMD_2210633'],['Bacteria', 'Proteobacteria', 'Gammaproteobacteria', 'Vibrionales', 'Vibrionaceae', 'Vibrio', 'Vibrio_maritimus']
data_97	0.8271770763375867	GCF_000196835-GCF_000716785	Amycolatopsis	Amycolatopsis_mediterranei_U32,Amycolatopsis_vancoresmycina	['Bacteria', 'Actinobacteria', 'Pseudonocardiales', 'Pseudonocardiaceae', 'Amycolatopsis', 'Amycolatopsis_mediterranei_U32'],['Bacteria', 'Actinobacteria', 'Pseudonocardiales', 'Pseudonocardiaceae', 'Amycolatopsis', 'Amycolatopsis_vancoresmycina']
data_97	0.7602238484718037	GCF_000215745-GCF_000735365	Enterobacter,Kluyvera	Enterobacter_aerogenes_KCTC_2190,Kluyvera_ascorbata_ATCC_33433	['Bacteria', 'Proteobacteria', 'Gammaproteobacteria', 'Enterobacteriales', 'Enterobacteriaceae', 'Enterobacter', 'Enterobacter_aerogenes_KCTC_2190'],['Bacteria', 'Proteobacteria', 'Gammaproteobacteria', 'Enterobacteriales', 'Enterobacteriaceae', 'Kluyvera', 'Kluyvera_ascorbata_ATCC_33433']
data_97	0.7620517186336064	GCF_000215745-GCF_000735515	Enterobacter,Leclercia	Enterobacter_aerogenes_KCTC_2190,Leclercia_adecarboxylata_ATCC_23216_=_NBRC_102595	['Bacteria', 'Proteobacteria', 'Gammaproteobacteria', 'Enterobacteriales', 'Enterobacteriaceae', 'Enterobacter', 'Enterobacter_aerogenes_KCTC_2190'],['Bacteria', 'Proteobacteria', 'Gammaproteobacteria', 'Enterobacteriales', 'Enterobacteriaceae', 'Leclercia', 'Leclercia_adecarboxylata_ATCC_23216_=_NBRC_102595']
data_97	0.7365899263760664	GCF_000222585-GCF_000473545	Vibrio	Vibrio_scophthalmi_LMG_19158,Vibrio_cyclitrophicus_FF75	['Bacteria', 'Proteobacteria', 'Gammaproteobacteria', 'Vibrionales', 'Vibrionaceae', 'Vibrio', 'Vibrio_scophthalmi_LMG_19158'],['Bacteria', 'Proteobacteria', 'Gammaproteobacteria', 'Vibrionales', 'Vibrionaceae', 'Vibrio', 'Vibrio_cyclitrophicus_FF75']
data_97	0.8751222237742702	GCF_000244515-GCF_000306255	Leptospira	Leptospira_kirschneri_serovar_Valbuzzi_str._200702274,Leptospira_noguchii_serovar_Panama_str._CZ214	['Bacteria', 'Spirochaetes', 'Leptospirales', 'Leptospiraceae', 'Leptospira', 'Leptospira_kirschneri_serovar_Valbuzzi_str._200702274'],['Bacteria', 'Spirochaetes', 'Leptospirales', 'Leptospiraceae', 'Leptospira', 'Leptospira_noguchii_serovar_Panama_str._CZ214']
data_97	0.8567493112947658	GCF_000259345-GCF_000500045	Borrelia	Borrelia_crocidurae_str._Achema,Borrelia_persica_No12	['Bacteria', 'Spirochaetes', 'Spirochaetales', 'Borreliaceae', 'Borrelia', 'Borrelia_crocidurae_str._Achema'],['Bacteria', 'Spirochaetes', 'Spirochaetales', 'Borreliaceae', 'Borrelia', 'Borrelia_persica_No12']
data_97	0.737220447284345	GCF_000264415-GCF_000342445	Planococcus	Planococcus_antarcticus_DSM_14505,Planococcus_halocryophilus_Or1	['Bacteria', 'Firmicutes', 'Bacilli', 'Bacillales', 'Planococcaceae', 'Planococcus', 'Planococcus_antarcticus_DSM_14505'],['Bacteria', 'Firmicutes', 'Bacilli', 'Bacillales', 'Planococcaceae', 'Planococcus', 'Planococcus_halocryophilus_Or1']
data_97	0.7180874396841643	GCF_000269985-GCF_000696185	Kitasatospora	Kitasatospora_setae_KM-6054,Kitasatospora_cheerisanensis_KCTC_2395	['Bacteria', 'Actinobacteria', 'Streptomycetales', 'Streptomycetaceae', 'Kitasatospora', 'Kitasatospora_setae_KM-6054'],['Bacteria', 'Actinobacteria', 'Streptomycetales', 'Streptomycetaceae', 'Kitasatospora', 'Kitasatospora_cheerisanensis_KCTC_2395']
data_97	0.7920874256467008	GCF_000304315-GCF_000372845	Methylocystis	Methylocystis_sp._SC2,Methylocystis_rosea_SV97	['Bacteria', 'Proteobacteria', 'Alphaproteobacteria', 'Rhizobiales', 'Methylocystaceae', 'Methylocystis', 'Methylocystis_sp._SC2'],['Bacteria', 'Proteobacteria', 'Alphaproteobacteria', 'Rhizobiales', 'Methylocystaceae', 'Methylocystis', 'Methylocystis_rosea_SV97']
data_97	0.8292543294690139	GCF_000306765-GCF_000337815	Haloferax	Haloferax_mediterranei_ATCC_33500,Haloferax_mucosum_ATCC_BAA-1512	['Archaea', 'Euryarchaeota', 'Halobacteria', 'Haloferacales', 'Haloferacaceae', 'Haloferax', 'Haloferax_mediterranei_ATCC_33500'],['Archaea', 'Euryarchaeota', 'Halobacteria', 'Haloferacales', 'Haloferacaceae', 'Haloferax', 'Haloferax_mucosum_ATCC_BAA-1512']
data_97	0.6834942932396839	GCF_000317975-GCF_000744375	Carnobacterium	Carnobacterium_maltaromaticum_LMA28,Carnobacterium_gallinarum_DSM_4847	['Bacteria', 'Firmicutes', 'Bacilli', 'Lactobacillales', 'Carnobacteriaceae', 'Carnobacterium', 'Carnobacterium_maltaromaticum_LMA28'],['Bacteria', 'Firmicutes', 'Bacilli', 'Lactobacillales', 'Carnobacteriaceae', 'Carnobacterium', 'Carnobacterium_gallinarum_DSM_4847']
data_97	0.8576187971243205	GCF_000337075-GCF_000337395	Halorubrum	Halorubrum_hochstenium_ATCC_700873,Halorubrum_litoreum_JCM_13561	['Archaea', 'Euryarchaeota', 'Halobacteria', 'Haloferacales', 'Haloferacaceae', 'Halorubrum', 'Halorubrum_hochstenium_ATCC_700873'],['Archaea', 'Euryarchaeota', 'Halobacteria', 'Haloferacales', 'Haloferacaceae', 'Halorubrum', 'Halorubrum_litoreum_JCM_13561']
data_97	0.7853231106243155	GCF_000337915-GCF_000739595	Halorubrum	Halorubrum_saccharovorum_DSM_1137,Halorubrum_halophilum	['Archaea', 'Euryarchaeota', 'Halobacteria', 'Haloferacales', 'Haloferacaceae', 'Halorubrum', 'Halorubrum_saccharovorum_DSM_1137'],['Archaea', 'Euryarchaeota', 'Halobacteria', 'Haloferacales', 'Haloferacaceae', 'Halorubrum', 'Halorubrum_halophilum']
data_97	0.8081845739306164	GCF_000368625-GCF_000369105	Acinetobacter	Acinetobacter_schindleri_CIP_107287,Acinetobacter_lwoffii_NCTC_5866_=_CIP_64.10_=_NIPH_512	['Bacteria', 'Proteobacteria', 'Gammaproteobacteria', 'Pseudomonadales', 'Moraxellaceae', 'Acinetobacter', 'Acinetobacter_schindleri_CIP_107287'],['Bacteria', 'Proteobacteria', 'Gammaproteobacteria', 'Pseudomonadales', 'Moraxellaceae', 'Acinetobacter', 'Acinetobacter_lwoffii_NCTC_5866_=_CIP_64.10_=_NIPH_512']
data_97	0.8060474440360842	GCF_000368765-GCF_000369065	Acinetobacter	Acinetobacter_junii_CIP_64.5,Acinetobacter_haemolyticus_CIP_64.3	['Bacteria', 'Proteobacteria', 'Gammaproteobacteria', 'Pseudomonadales', 'Moraxellaceae', 'Acinetobacter', 'Acinetobacter_junii_CIP_64.5'],['Bacteria', 'Proteobacteria', 'Gammaproteobacteria', 'Pseudomonadales', 'Moraxellaceae', 'Acinetobacter', 'Acinetobacter_haemolyticus_CIP_64.3']
data_97	0.7184689877795711	GCF_000376985-GCF_000423765	Streptococcus	Streptococcus_henryi_DSM_19005,Streptococcus_porci_DSM_23759	['Bacteria', 'Firmicutes', 'Bacilli', 'Lactobacillales', 'Streptococcaceae', 'Streptococcus', 'Streptococcus_henryi_DSM_19005'],['Bacteria', 'Firmicutes', 'Bacilli', 'Lactobacillales', 'Streptococcaceae', 'Streptococcus', 'Streptococcus_porci_DSM_23759']
data_97	0.861424758776432	GCF_000377345-GCF_000381825	Thioalkalivibrio	Thioalkalivibrio_sp._ALJ16,Thioalkalivibrio_sp._ALJT	['Bacteria', 'Proteobacteria', 'Gammaproteobacteria', 'Chromatiales', 'Ectothiorhodospiraceae', 'Thioalkalivibrio', 'Thioalkalivibrio_sp._ALJ16'],['Bacteria', 'Proteobacteria', 'Gammaproteobacteria', 'Chromatiales', 'Ectothiorhodospiraceae', 'Thioalkalivibrio', 'Thioalkalivibrio_sp._ALJT']
data_97	0.7179944687304844	GCF_000377525-GCF_000478605	Streptomyces	Streptomyces_sp._CNT302,Streptomyces_thermolilacinus_SPC6	['Bacteria', 'Actinobacteria', 'Streptomycetales', 'Streptomycetaceae', 'Streptomyces', 'Streptomyces_sp._CNT302'],['Bacteria', 'Actinobacteria', 'Streptomycetales', 'Streptomycetaceae', 'Streptomyces', 'Streptomyces_thermolilacinus_SPC6']
data_97	0.7229468599033816	GCF_000377525-GCF_000716335	Streptomyces	Streptomyces_sp._CNT302,Streptomyces_sp._NRRL_S-118	['Bacteria', 'Actinobacteria', 'Streptomycetales', 'Streptomycetaceae', 'Streptomyces', 'Streptomyces_sp._CNT302'],['Bacteria', 'Actinobacteria', 'Streptomycetales', 'Streptomycetaceae', 'Streptomyces', 'Streptomyces_sp._NRRL_S-118']
data_97	0.7352800095934764	GCF_000426265-GCF_000472925	Bradyrhizobium	Bradyrhizobium_sp._Cp5.3,Bradyrhizobium_sp._Ec3.3	['Bacteria', 'Proteobacteria', 'Alphaproteobacteria', 'Rhizobiales', 'Bradyrhizobiaceae', 'Bradyrhizobium', 'Bradyrhizobium_sp._Cp5.3'],['Bacteria', 'Proteobacteria', 'Alphaproteobacteria', 'Rhizobiales', 'Bradyrhizobiaceae', 'Bradyrhizobium', 'Bradyrhizobium_sp._Ec3.3']
data_97	0.8400820901412898	GCF_000455325-GCF_000612885	Mycobacterium	Mycobacterium_septicum_DSM_44393,Mycobacterium_vulneris	['Bacteria', 'Actinobacteria', 'Corynebacteriales', 'Mycobacteriaceae', 'Mycobacterium', 'Mycobacterium_septicum_DSM_44393'],['Bacteria', 'Actinobacteria', 'Corynebacteriales', 'Mycobacteriaceae', 'Mycobacterium', 'Mycobacteriumaviumcomplex(MAC)', 'Mycobacterium_vulneris']
data_97	0.7393549479387116	GCF_000478605-GCF_000716335	Streptomyces	Streptomyces_thermolilacinus_SPC6,Streptomyces_sp._NRRL_S-118	['Bacteria', 'Actinobacteria', 'Streptomycetales', 'Streptomycetaceae', 'Streptomyces', 'Streptomyces_thermolilacinus_SPC6'],['Bacteria', 'Actinobacteria', 'Streptomycetales', 'Streptomycetaceae', 'Streptomyces', 'Streptomyces_sp._NRRL_S-118']
data_97	0.6836202109938923	GCF_000496755-GCF_001006005	Serratia	Serratia_sp._DD3,Serratia_fonticola	['Bacteria', 'Proteobacteria', 'Gammaproteobacteria', 'Enterobacteriales', 'Enterobacteriaceae', 'Serratia', 'Serratia_sp._DD3'],['Bacteria', 'Proteobacteria', 'Gammaproteobacteria', 'Enterobacteriales', 'Enterobacteriaceae', 'Serratia', 'Serratia_fonticola']
data_97	0.8417190775681341	GCF_000500045-GCF_000500065	Borrelia	Borrelia_persica_No12,Borrelia_hispanica_CRI	['Bacteria', 'Spirochaetes', 'Spirochaetales', 'Borreliaceae', 'Borrelia', 'Borrelia_persica_No12'],['Bacteria', 'Spirochaetes', 'Spirochaetales', 'Borreliaceae', 'Borrelia', 'Borrelia_hispanica_CRI']
data_97	0.7410668047643708	GCF_000525955-GCF_000525995	Listeria	Listeria_weihenstephanensis_FSL_R9-0317,Listeria_riparia_FSL_S10-1204	['Bacteria', 'Firmicutes', 'Bacilli', 'Bacillales', 'Listeriaceae', 'Listeria', 'Listeria_weihenstephanensis_FSL_R9-0317'],['Bacteria', 'Firmicutes', 'Bacilli', 'Bacillales', 'Listeriaceae', 'Listeria', 'Listeria_riparia_FSL_S10-1204']
data_97	0.7992116579073101	GCF_000576555-GCF_000737515	Hymenobacter	Hymenobacter_swuensis_DY53,Hymenobacter_sp._APR13	['Bacteria', 'Bacteroidetes', 'Cytophagia', 'Cytophagales', 'Cytophagaceae', 'Hymenobacter', 'Hymenobacter_swuensis_DY53'],['Bacteria', 'Bacteroidetes', 'Cytophagia', 'Cytophagales', 'Cytophagaceae', 'Hymenobacter', 'Hymenobacter_sp._APR13']
data_97	0.740218336392619	GCF_000632025-GCF_000723165	Janthinobacterium	Janthinobacterium_lividum,Janthinobacterium_agaricidamnosum_NBRC_102515_=_DSM_9628	['Bacteria', 'Proteobacteria', 'Betaproteobacteria', 'Burkholderiales', 'Oxalobacteraceae', 'Janthinobacterium', 'Janthinobacterium_lividum'],['Bacteria', 'Proteobacteria', 'Betaproteobacteria', 'Burkholderiales', 'Oxalobacteraceae', 'Janthinobacterium', 'Janthinobacterium_agaricidamnosum_NBRC_102515_=_DSM_9628']
data_97	0.8023630504833512	GCF_000632805-GCF_000725385	Dyella	Dyella_jiangningensis,Dyella_japonica_A8	['Bacteria', 'Proteobacteria', 'Gammaproteobacteria', 'Xanthomonadales', 'Xanthomonadaceae', 'Dyella', 'Dyella_jiangningensis'],['Bacteria', 'Proteobacteria', 'Gammaproteobacteria', 'Xanthomonadales', 'Xanthomonadaceae', 'Dyella', 'Dyella_japonica_A8']
data_97	0.7298988926336062	GCF_000695235-GCF_001270575	Streptomyces	Streptomyces_albulus,Streptomyces_decoyicus	['Bacteria', 'Actinobacteria', 'Streptomycetales', 'Streptomycetaceae', 'Streptomyces', 'Streptomyces_albulus'],['Bacteria', 'Actinobacteria', 'Streptomycetales', 'Streptomycetaceae', 'Streptomyces', 'Streptomyces_decoyicus']
data_97	0.7642244119516847	GCF_000709915-GCF_000761215	Streptomyces	Streptomyces_griseorubens,Streptomyces_glaucescens	['Bacteria', 'Actinobacteria', 'Streptomycetales', 'Streptomycetaceae', 'Streptomyces', 'Streptomyces_griseorubens'],['Bacteria', 'Actinobacteria', 'Streptomycetales', 'Streptomycetaceae', 'Streptomyces', 'Streptomyces_glaucescens']
data_97	0.7436780999840958	GCF_000718165-GCF_000720765	Streptomyces	Streptomyces_fulvoviolaceus,Streptomyces_sp._NRRL_S-646	['Bacteria', 'Actinobacteria', 'Streptomycetales', 'Streptomycetaceae', 'Streptomyces', 'Streptomyces_fulvoviolaceus'],['Bacteria', 'Actinobacteria', 'Streptomycetales', 'Streptomycetaceae', 'Streptomyces', 'Streptomyces_sp._NRRL_S-646']
data_97	0.7191195795006571	GCF_000718165-GCF_000721105	Streptomyces	Streptomyces_fulvoviolaceus,Streptomyces_cellulosae	['Bacteria', 'Actinobacteria', 'Streptomycetales', 'Streptomycetaceae', 'Streptomyces', 'Streptomyces_fulvoviolaceus'],['Bacteria', 'Actinobacteria', 'Streptomycetales', 'Streptomycetaceae', 'Streptomyces', 'Streptomyces_cellulosae']
data_97	0.7627610208816705	GCF_000719115-GCF_000719205	Lentzea,Lechevalieria	Lentzea_albidocapillata,Lechevalieria_aerocolonigenes	['Bacteria', 'Actinobacteria', 'Pseudonocardiales', 'Pseudonocardiaceae', 'Lentzea', 'Lentzea_albidocapillata'],['Bacteria', 'Actinobacteria', 'Pseudonocardiales', 'Pseudonocardiaceae', 'Lechevalieria', 'Lechevalieria_aerocolonigenes']
data_97	0.742784	GCF_000720325-GCF_000720475	Streptomyces	Streptomyces_sp._NRRL_B-1347,Streptomyces_aureocirculatus	['Bacteria', 'Actinobacteria', 'Streptomycetales', 'Streptomycetaceae', 'Streptomyces', 'Streptomyces_sp._NRRL_B-1347'],['Bacteria', 'Actinobacteria', 'Streptomycetales', 'Streptomycetaceae', 'Streptomyces', 'Streptomyces_aureocirculatus']
data_97	0.7763471925637483	GCF_000720325-GCF_000725575	Streptomyces	Streptomyces_sp._NRRL_B-1347,Streptomyces_ruber	['Bacteria', 'Actinobacteria', 'Streptomycetales', 'Streptomycetaceae', 'Streptomyces', 'Streptomyces_sp._NRRL_B-1347'],['Bacteria', 'Actinobacteria', 'Streptomycetales', 'Streptomycetaceae', 'Streptomyces', 'Streptomyces_ruber']
data_97	0.7664475868020979	GCF_000720475-GCF_000725575	Streptomyces	Streptomyces_aureocirculatus,Streptomyces_ruber	['Bacteria', 'Actinobacteria', 'Streptomycetales', 'Streptomycetaceae', 'Streptomyces', 'Streptomyces_aureocirculatus'],['Bacteria', 'Actinobacteria', 'Streptomycetales', 'Streptomycetaceae', 'Streptomyces', 'Streptomyces_ruber']
data_97	0.7271784829810517	GCF_000720765-GCF_000721105	Streptomyces	Streptomyces_sp._NRRL_S-646,Streptomyces_cellulosae	['Bacteria', 'Actinobacteria', 'Streptomycetales', 'Streptomycetaceae', 'Streptomyces', 'Streptomyces_sp._NRRL_S-646'],['Bacteria', 'Actinobacteria', 'Streptomycetales', 'Streptomycetaceae', 'Streptomyces', 'Streptomyces_cellulosae']
data_97	0.7778905809362662	GCF_000735365-GCF_000735515	Kluyvera,Leclercia	Kluyvera_ascorbata_ATCC_33433,Leclercia_adecarboxylata_ATCC_23216_=_NBRC_102595	['Bacteria', 'Proteobacteria', 'Gammaproteobacteria', 'Enterobacteriales', 'Enterobacteriaceae', 'Kluyvera', 'Kluyvera_ascorbata_ATCC_33433'],['Bacteria', 'Proteobacteria', 'Gammaproteobacteria', 'Enterobacteriales', 'Enterobacteriaceae', 'Leclercia', 'Leclercia_adecarboxylata_ATCC_23216_=_NBRC_102595']
data_97	0.7961418143899895	GCF_000738005-GCF_000741705	Bifidobacterium	Bifidobacterium_crudilactis,Bifidobacterium_psychraerophilum	['Bacteria', 'Actinobacteria', 'Bifidobacteriales', 'Bifidobacteriaceae', 'Bifidobacterium', 'Bifidobacterium_crudilactis'],['Bacteria', 'Actinobacteria', 'Bifidobacteriales', 'Bifidobacteriaceae', 'Bifidobacterium', 'Bifidobacterium_psychraerophilum']
data_97	0.6853123429911238	GCF_000744255-GCF_000744375	Carnobacterium	Carnobacterium_divergens_DSM_20623,Carnobacterium_gallinarum_DSM_4847	['Bacteria', 'Firmicutes', 'Bacilli', 'Lactobacillales', 'Carnobacteriaceae', 'Carnobacterium', 'Carnobacterium_divergens_DSM_20623'],['Bacteria', 'Firmicutes', 'Bacilli', 'Lactobacillales', 'Carnobacteriaceae', 'Carnobacterium', 'Carnobacterium_gallinarum_DSM_4847']
data_97	0.7669749426922773	GCF_000758665-GCF_000758705	Paenibacillus	Paenibacillus_borealis,Paenibacillus_graminis	['Bacteria', 'Firmicutes', 'Bacilli', 'Bacillales', 'Paenibacillaceae', 'Paenibacillus', 'Paenibacillus_borealis'],['Bacteria', 'Firmicutes', 'Bacilli', 'Bacillales', 'Paenibacillaceae', 'Paenibacillus', 'Paenibacillus_graminis']
data_97	0.7193396226415094	GCF_000007045-GCF_000017005	Streptococcus	Streptococcus_pneumoniae_R6,Streptococcus_gordonii_str._Challis_substr._CH1	['Bacteria', 'Firmicutes', 'Bacilli', 'Lactobacillales', 'Streptococcaceae', 'Streptococcus', 'Streptococcus_pneumoniae_R6'],['Bacteria', 'Firmicutes', 'Bacilli', 'Lactobacillales', 'Streptococcaceae', 'Streptococcus', 'Streptococcus_gordonii_str._Challis_substr._CH1']
data_97	0.6796237832149434	GCF_000424945-GCF_000716165	Streptomyces	Streptomyces_sp._142MFCol3.1,Streptomyces_peruviensis	['Bacteria', 'Actinobacteria', 'Streptomycetales', 'Streptomycetaceae', 'Streptomyces', 'Streptomyces_sp._142MFCol3.1'],['Bacteria', 'Actinobacteria', 'Streptomycetales', 'Streptomycetaceae', 'Streptomyces', 'Streptomyces_peruviensis']
data_97	0.6915127528583993	GCF_000287615-GCF_000376645	Haemophilus,Mannheimia	Haemophilus_sputorum_HK_2154,Mannheimia_haemolytica_M42548	['Bacteria', 'Proteobacteria', 'Gammaproteobacteria', 'Pasteurellales', 'Pasteurellaceae', 'Haemophilus', 'Haemophilus_sputorum_HK_2154'],['Bacteria', 'Proteobacteria', 'Gammaproteobacteria', 'Pasteurellales', 'Pasteurellaceae', 'Mannheimia', 'Mannheimia_haemolytica_M42548']
data_97	0.7073288331726133	GCF_000719285-GCF_001013905	Streptomyces	Streptomyces_bicolor,Streptomyces_leeuwenhoekii	['Bacteria', 'Actinobacteria', 'Streptomycetales', 'Streptomycetaceae', 'Streptomyces', 'Streptomyces_bicolor'],['Bacteria', 'Actinobacteria', 'Streptomycetales', 'Streptomycetaceae', 'Streptomyces', 'Streptomyces_leeuwenhoekii']
data_97	0.736838459407038	GCF_000009765-GCF_000158955	Streptomyces	Streptomyces_avermitilis_MA-4680_=_NBRC_14893,Streptomyces_viridochromogenes_DSM_40736	['Bacteria', 'Actinobacteria', 'Streptomycetales', 'Streptomycetaceae', 'Streptomyces', 'Streptomyces_avermitilis_MA-4680_=_NBRC_14893'],['Bacteria', 'Actinobacteria', 'Streptomycetales', 'Streptomycetaceae', 'Streptomyces', 'Streptomyces_viridochromogenes_DSM_40736']
data_97	0.8995552260934025	GCF_000147055-GCF_000400795	Dickeya	Dickeya_dadantii_3937,Dickeya_solani_IPO_2222	['Bacteria', 'Proteobacteria', 'Gammaproteobacteria', 'Enterobacteriales', 'Enterobacteriaceae', 'Dickeya', 'Dickeya_dadantii_3937'],['Bacteria', 'Proteobacteria', 'Gammaproteobacteria', 'Enterobacteriales', 'Enterobacteriaceae', 'Dickeya', 'Dickeya_solani_IPO_2222']
data_97	0.7291522291522291	GCF_000154965-GCF_000718165	Streptomyces	Streptomyces_sviceus_ATCC_29083,Streptomyces_fulvoviolaceus	['Bacteria', 'Actinobacteria', 'Streptomycetales', 'Streptomycetaceae', 'Streptomyces', 'Streptomyces_sviceus_ATCC_29083'],['Bacteria', 'Actinobacteria', 'Streptomycetales', 'Streptomycetaceae', 'Streptomyces', 'Streptomyces_fulvoviolaceus']
data_97	0.7570514773073408	GCF_000154965-GCF_000720765	Streptomyces	Streptomyces_sviceus_ATCC_29083,Streptomyces_sp._NRRL_S-646	['Bacteria', 'Actinobacteria', 'Streptomycetales', 'Streptomycetaceae', 'Streptomyces', 'Streptomyces_sviceus_ATCC_29083'],['Bacteria', 'Actinobacteria', 'Streptomycetales', 'Streptomycetaceae', 'Streptomyces', 'Streptomyces_sp._NRRL_S-646']
data_97	0.7503161355589276	GCF_000154965-GCF_000721105	Streptomyces	Streptomyces_sviceus_ATCC_29083,Streptomyces_cellulosae	['Bacteria', 'Actinobacteria', 'Streptomycetales', 'Streptomycetaceae', 'Streptomyces', 'Streptomyces_sviceus_ATCC_29083'],['Bacteria', 'Actinobacteria', 'Streptomycetales', 'Streptomycetaceae', 'Streptomyces', 'Streptomyces_cellulosae']
data_97	0.7226427622841965	GCF_000158955-GCF_000424945	Streptomyces	Streptomyces_viridochromogenes_DSM_40736,Streptomyces_sp._142MFCol3.1	['Bacteria', 'Actinobacteria', 'Streptomycetales', 'Streptomycetaceae', 'Streptomyces', 'Streptomyces_viridochromogenes_DSM_40736'],['Bacteria', 'Actinobacteria', 'Streptomycetales', 'Streptomycetaceae', 'Streptomyces', 'Streptomyces_sp._142MFCol3.1']
data_97	0.7176089101931482	GCF_000158955-GCF_000716165	Streptomyces	Streptomyces_viridochromogenes_DSM_40736,Streptomyces_peruviensis	['Bacteria', 'Actinobacteria', 'Streptomycetales', 'Streptomycetaceae', 'Streptomyces', 'Streptomyces_viridochromogenes_DSM_40736'],['Bacteria', 'Actinobacteria', 'Streptomycetales', 'Streptomycetaceae', 'Streptomyces', 'Streptomyces_peruviensis']
data_97	0.7579550102249488	GCF_000158975-GCF_000709915	Streptomyces	Streptomyces_griseoflavus_Tu4000,Streptomyces_griseorubens	['Bacteria', 'Actinobacteria', 'Streptomycetales', 'Streptomycetaceae', 'Streptomyces', 'Streptomyces_griseoflavus_Tu4000'],['Bacteria', 'Actinobacteria', 'Streptomycetales', 'Streptomycetaceae', 'Streptomyces', 'Streptomyces_griseorubens']
data_97	0.7212560784636941	GCF_000158975-GCF_000761215	Streptomyces	Streptomyces_griseoflavus_Tu4000,Streptomyces_glaucescens	['Bacteria', 'Actinobacteria', 'Streptomycetales', 'Streptomycetaceae', 'Streptomyces', 'Streptomyces_griseoflavus_Tu4000'],['Bacteria', 'Actinobacteria', 'Streptomycetales', 'Streptomycetaceae', 'Streptomyces', 'Streptomyces_glaucescens']
data_97	0.8038825286212046	GCF_000337035-GCF_000337075	Halorubrum	Halorubrum_coriense_DSM_10284,Halorubrum_hochstenium_ATCC_700873	['Archaea', 'Euryarchaeota', 'Halobacteria', 'Haloferacales', 'Haloferacaceae', 'Halorubrum', 'Halorubrum_coriense_DSM_10284'],['Archaea', 'Euryarchaeota', 'Halobacteria', 'Haloferacales', 'Haloferacaceae', 'Halorubrum', 'Halorubrum_hochstenium_ATCC_700873']
data_97	0.8052648790058862	GCF_000337035-GCF_000337395	Halorubrum	Halorubrum_coriense_DSM_10284,Halorubrum_litoreum_JCM_13561	['Archaea', 'Euryarchaeota', 'Halobacteria', 'Haloferacales', 'Haloferacaceae', 'Halorubrum', 'Halorubrum_coriense_DSM_10284'],['Archaea', 'Euryarchaeota', 'Halobacteria', 'Haloferacales', 'Haloferacaceae', 'Halorubrum', 'Halorubrum_litoreum_JCM_13561']
data_97	0.7841423948220064	GCF_000337375-GCF_000337915	Halorubrum	Halorubrum_lipolyticum_DSM_21995,Halorubrum_saccharovorum_DSM_1137	['Archaea', 'Euryarchaeota', 'Halobacteria', 'Haloferacales', 'Haloferacaceae', 'Halorubrum', 'Halorubrum_lipolyticum_DSM_21995'],['Archaea', 'Euryarchaeota', 'Halobacteria', 'Haloferacales', 'Haloferacaceae', 'Halorubrum', 'Halorubrum_saccharovorum_DSM_1137']
data_97	0.7976383630791419	GCF_000341085-GCF_000341265	Nocardiopsis	Nocardiopsis_ganjiahuensis_DSM_45031,Nocardiopsis_prasina_DSM_43845	['Bacteria', 'Actinobacteria', 'Streptosporangiales', 'Nocardiopsaceae', 'Nocardiopsis', 'Nocardiopsis_ganjiahuensis_DSM_45031'],['Bacteria', 'Actinobacteria', 'Streptosporangiales', 'Nocardiopsaceae', 'Nocardiopsis', 'Nocardiopsis_prasina_DSM_43845']
data_97	0.7232107023411372	GCF_000379665-GCF_000519105	Butyricimonas	Butyricimonas_synergistica_DSM_23225,Butyricimonas_virosa_DSM_23226	['Bacteria', 'Bacteroidetes', 'Bacteroidia', 'Bacteroidales', 'Porphyromonadaceae', 'Butyricimonas', 'Butyricimonas_synergistica_DSM_23225'],['Bacteria', 'Bacteroidetes', 'Bacteroidia', 'Bacteroidales', 'Porphyromonadaceae', 'Butyricimonas', 'Butyricimonas_virosa_DSM_23226']
data_97	0.795085696951312	GCF_000411295-GCF_000484595	Paenisporosarcina,Sporosarcina	Paenisporosarcina_sp._HGH0030,Sporosarcina_sp._EUR3_2.2.2	['Bacteria', 'Firmicutes', 'Bacilli', 'Bacillales', 'Planococcaceae', 'Paenisporosarcina', 'Paenisporosarcina_sp._HGH0030'],['Bacteria', 'Firmicutes', 'Bacilli', 'Bacillales', 'Planococcaceae', 'Sporosarcina', 'Sporosarcina_sp._EUR3_2.2.2']
data_97	0.8295623451692816	GCF_000411915-GCF_000702585	Exiguobacterium	Exiguobacterium_sp._S17,Exiguobacterium_aurantiacum_DSM_6208	['Bacteria', 'Firmicutes', 'Bacilli', 'Bacillales', 'BacillalesFamilyXIIIncertaeSedis', 'Exiguobacterium', 'Exiguobacterium_sp._S17'],['Bacteria', 'Firmicutes', 'Bacilli', 'Bacillales', 'BacillalesFamilyXIIIncertaeSedis', 'Exiguobacterium', 'Exiguobacterium_aurantiacum_DSM_6208']
data_97	0.7483532060368548	GCF_000424765-GCF_000424785	Streptomyces	Streptomyces_sp._CNT318,Streptomyces_sp._CNT360	['Bacteria', 'Actinobacteria', 'Streptomycetales', 'Streptomycetaceae', 'Streptomyces', 'Streptomyces_sp._CNT318'],['Bacteria', 'Actinobacteria', 'Streptomycetales', 'Streptomycetaceae', 'Streptomyces', 'Streptomyces_sp._CNT360']
data_97	0.7316992014196984	GCF_000621185-GCF_000757785	Franconibacter,Pluralibacter	Franconibacter_pulveris_DSM_19144,Pluralibacter_gergoviae	['Bacteria', 'Proteobacteria', 'Gammaproteobacteria', 'Enterobacteriales', 'Enterobacteriaceae', 'Franconibacter', 'Franconibacter_pulveris_DSM_19144'],['Bacteria', 'Proteobacteria', 'Gammaproteobacteria', 'Enterobacteriales', 'Enterobacteriaceae', 'Pluralibacter', 'Pluralibacter_gergoviae']
data_97	0.6932265853348583	GCF_000621305-GCF_001051995	Thauera	Thauera_linaloolentis_47Lol_=_DSM_12138,Thauera_humireducens	['Bacteria', 'Proteobacteria', 'Betaproteobacteria', 'Rhodocyclales', 'Rhodocyclaceae', 'Thauera', 'Thauera_linaloolentis_47Lol_=_DSM_12138'],['Bacteria', 'Proteobacteria', 'Betaproteobacteria', 'Rhodocyclales', 'Rhodocyclaceae', 'Thauera', 'Thauera_humireducens']
